record_id,group_id,effective_group_id,pattern_family_id,family_hash,lineage_hash,normalized_text_hash,folded_text_hash,label,source,is_synthetic,annotation_status,split
pub_pfa_005,public_pfa_demo,eg_e698ae78c3dbfc9252b11d44d54803b7fd1237c9f6ebc67f00de8bb372f26649,pfa_DoorDash_Food,8002e0f12e71b7f7a14d0ca9041b3b36799e5719c549390d2a730f85c2830b46,3b306a3daa952c797b25100f934119b88260acb6297d409ee4500416bef6e3a1,249f6af6fc820f10510ab8add761285649760cac58988900e47de45f55f505fe,e615a711e9ce38e9e34c66805933e8a35bc98b383964f046d7f14f56fef00df1,an_uong,public_synthetic,true,ai_draft,train
pub_pfa_005_nd,public_pfa_demo,eg_e698ae78c3dbfc9252b11d44d54803b7fd1237c9f6ebc67f00de8bb372f26649,pfa_DoorDash_Food,8002e0f12e71b7f7a14d0ca9041b3b36799e5719c549390d2a730f85c2830b46,3b306a3daa952c797b25100f934119b88260acb6297d409ee4500416bef6e3a1,e615a711e9ce38e9e34c66805933e8a35bc98b383964f046d7f14f56fef00df1,e615a711e9ce38e9e34c66805933e8a35bc98b383964f046d7f14f56fef00df1,an_uong,public_synthetic,true,ai_draft,train
pub_pfa_007,public_pfa_demo,eg_e698ae78c3dbfc9252b11d44d54803b7fd1237c9f6ebc67f00de8bb372f26649,pfa_Lyft_Fare,1408d7c5f2cdadeaff12fa71126383f1988175a3eeab65b44202a216e3eb0215,783f52a591144f7bd44b5bdb7724144e14ae0cd4d8f00e38efb0f969f67d1943,be6b27b274711ebe89f3c0884a8a67033223687958a17496662842401db6dc40,e6e320985fab0faaa38d31db4d9a4e45a9650c9f91e74c8970aa52cb07dee29c,di_chuyen,public_synthetic,true,ai_draft,train
pub_pfa_007_nd,public_pfa_demo,eg_e698ae78c3dbfc9252b11d44d54803b7fd1237c9f6ebc67f00de8bb372f26649,pfa_Lyft_Fare,1408d7c5f2cdadeaff12fa71126383f1988175a3eeab65b44202a216e3eb0215,783f52a591144f7bd44b5bdb7724144e14ae0cd4d8f00e38efb0f969f67d1943,e6e320985fab0faaa38d31db4d9a4e45a9650c9f91e74c8970aa52cb07dee29c,e6e320985fab0faaa38d31db4d9a4e45a9650c9f91e74c8970aa52cb07dee29c,di_chuyen,public_synthetic,true,ai_draft,train
pub_pfa_009,public_pfa_demo,eg_e698ae78c3dbfc9252b11d44d54803b7fd1237c9f6ebc67f00de8bb372f26649,pfa_Netflix_Subscription,91184a6564faec32c337408e0901661a020e27f3a4d56168ea7d91bce69b3ba1,7c47257a1d62f3b07962d1f55229767c09f1f02c7fc6824ce95fade70fb028b2,62e8229086994bc7324bc8ba9c785c3b1e805754e6b183997fec1d593902c3bd,eb849665a9a9761b80429168798d17895082c879f8e29c1f32f1a7fdeb062e82,giai_tri,public_synthetic,true,ai_draft,train
pub_pfa_009_nd,public_pfa_demo,eg_e698ae78c3dbfc9252b11d44d54803b7fd1237c9f6ebc67f00de8bb372f26649,pfa_Netflix_Subscription,91184a6564faec32c337408e0901661a020e27f3a4d56168ea7d91bce69b3ba1,7c47257a1d62f3b07962d1f55229767c09f1f02c7fc6824ce95fade70fb028b2,eb849665a9a9761b80429168798d17895082c879f8e29c1f32f1a7fdeb062e82,eb849665a9a9761b80429168798d17895082c879f8e29c1f32f1a7fdeb062e82,giai_tri,public_synthetic,true,ai_draft,train
pub_pfa_010,public_pfa_demo,eg_e698ae78c3dbfc9252b11d44d54803b7fd1237c9f6ebc67f00de8bb372f26649,pfa_Steam_Games,db9071c66001f02d0f84e16d2d101207d07f13f2386a95dd5998fb94195f1a5a,36055769981c430852d44bcf69405cebe4b247a22b9b6264bd00ec590cc7e777,156e77aa59e8ff60be7ffdd6f653b134e317da155bd5858042be069e88205e9e,c06a59d7824e90146859c2a2cf19a6c48b8cf57848f7df2b42050a03b032f635,giai_tri,public_synthetic,true,ai_draft,train
pub_pfa_010_nd,public_pfa_demo,eg_e698ae78c3dbfc9252b11d44d54803b7fd1237c9f6ebc67f00de8bb372f26649,pfa_Steam_Games,db9071c66001f02d0f84e16d2d101207d07f13f2386a95dd5998fb94195f1a5a,36055769981c430852d44bcf69405cebe4b247a22b9b6264bd00ec590cc7e777,c06a59d7824e90146859c2a2cf19a6c48b8cf57848f7df2b42050a03b032f635,c06a59d7824e90146859c2a2cf19a6c48b8cf57848f7df2b42050a03b032f635,giai_tri,public_synthetic,true,ai_draft,train
pub_pfa_013,public_pfa_demo,eg_e698ae78c3dbfc9252b11d44d54803b7fd1237c9f6ebc67f00de8bb372f26649,pfa_H_M_Clothing,eceaa61758a2df34866c7553add4ecd567b28a3c8eb1f2b74d244c1d530e7d90,aa4cb6b931e5276f4ff11e4f4ec81c3f4987baf733fa0cee5d0f668d851c9863,ad64b34cd5473f592d54b3060d1d58e5ab6ba9872bffcbacdab5fcea730d5d8d,deb1881fcb13d40389d8e9fd604a4715917515f87770f6a9d7d1048c8568cdfb,mua_sam,public_synthetic,true,ai_draft,train
pub_pfa_013_nd,public_pfa_demo,eg_e698ae78c3dbfc9252b11d44d54803b7fd1237c9f6ebc67f00de8bb372f26649,pfa_H_M_Clothing,eceaa61758a2df34866c7553add4ecd567b28a3c8eb1f2b74d244c1d530e7d90,aa4cb6b931e5276f4ff11e4f4ec81c3f4987baf733fa0cee5d0f668d851c9863,deb1881fcb13d40389d8e9fd604a4715917515f87770f6a9d7d1048c8568cdfb,deb1881fcb13d40389d8e9fd604a4715917515f87770f6a9d7d1048c8568cdfb,mua_sam,public_synthetic,true,ai_draft,train
pub_pfa_019,public_pfa_demo,eg_e698ae78c3dbfc9252b11d44d54803b7fd1237c9f6ebc67f00de8bb372f26649,pfa_PG_E_Electric,654f00a8fb8c2a22f37298660ce95926f9ededa14a491a49e428fda68e40e57c,30e1c1cabacbf2be90a50cc92d63cfbb095d1096d7b5fe3a46cd3d9bc90bec26,6b6ce0564e8d372f1498fc93b85cf0f96e23f5ee79de5ccd84273bf51e7934e6,3bc6dd8b2be70a6e66f52af7e8ad624afad1c4085f71d207c66f76b77c7d88b6,nha_o_hoa_don,public_synthetic,true,ai_draft,train
pub_pfa_019_nd,public_pfa_demo,eg_e698ae78c3dbfc9252b11d44d54803b7fd1237c9f6ebc67f00de8bb372f26649,pfa_PG_E_Electric,654f00a8fb8c2a22f37298660ce95926f9ededa14a491a49e428fda68e40e57c,30e1c1cabacbf2be90a50cc92d63cfbb095d1096d7b5fe3a46cd3d9bc90bec26,3bc6dd8b2be70a6e66f52af7e8ad624afad1c4085f71d207c66f76b77c7d88b6,3bc6dd8b2be70a6e66f52af7e8ad624afad1c4085f71d207c66f76b77c7d88b6,nha_o_hoa_don,public_synthetic,true,ai_draft,train
pub_pfa_026,public_pfa_demo,eg_e698ae78c3dbfc9252b11d44d54803b7fd1237c9f6ebc67f00de8bb372f26649,pfa_MTA_Transit,2c253e0f90726d3e36a2db02c95ee30732cb921b8b6dfd61b01391b7649a2920,a1fdd2f65c389f082dd4377818a6675787f429673ccf31cf4ccd8bbc4d4c07f3,5453c2d76b0bfb35fdd5cb55a23356a05d36242d6e485a9e49f8c337121d697c,c8bb930fc029241b73481989770cc1fadb257b9579f46bf3b7c712381581cb4b,di_chuyen,public_synthetic,true,ai_draft,train
pub_pfa_026_nd,public_pfa_demo,eg_e698ae78c3dbfc9252b11d44d54803b7fd1237c9f6ebc67f00de8bb372f26649,pfa_MTA_Transit,2c253e0f90726d3e36a2db02c95ee30732cb921b8b6dfd61b01391b7649a2920,a1fdd2f65c389f082dd4377818a6675787f429673ccf31cf4ccd8bbc4d4c07f3,c8bb930fc029241b73481989770cc1fadb257b9579f46bf3b7c712381581cb4b,c8bb930fc029241b73481989770cc1fadb257b9579f46bf3b7c712381581cb4b,di_chuyen,public_synthetic,true,ai_draft,train
pub_pfa_027,public_pfa_demo,eg_e698ae78c3dbfc9252b11d44d54803b7fd1237c9f6ebc67f00de8bb372f26649,pfa_Comcast_Internet,79113918dec67194e455cd918b443f490f2b004fcfa33adeb45d3cba737f5b4a,00b99b8dd5c263c8bc7fa64b6b9c2fc5e16e17952195be0ae47dc6087369fe22,4bd75219020460cc491ab11c0c807d30d72dbee9b34fca4aa4cf6c5ddfebb51c,4bd75219020460cc491ab11c0c807d30d72dbee9b34fca4aa4cf6c5ddfebb51c,nha_o_hoa_don,public_synthetic,true,ai_draft,train
pub_pfa_034,public_pfa_demo,eg_e698ae78c3dbfc9252b11d44d54803b7fd1237c9f6ebc67f00de8bb372f26649,pfa_Urgent_Care_Clinic,ee85ea4f8f6d0bdde57a6cdd8bcc0f1c7dd4d12c2939474e4aa6d589254e9deb,2bbe285dc2121f0d6ab9cfd2fe1f8d80fcf240ecbd0499b50aaaf540cb04ead5,1015c2397d5075da06b7aa8f975acc8d8cf7d9318161af46cca56079d87777bf,3b3afcd2cab338592aa1754b3a15e7d807718360543db2ef7a862930a5aa3e14,suc_khoe,public_synthetic,true,ai_draft,train
pub_pfa_034_nd,public_pfa_demo,eg_e698ae78c3dbfc9252b11d44d54803b7fd1237c9f6ebc67f00de8bb372f26649,pfa_Urgent_Care_Clinic,ee85ea4f8f6d0bdde57a6cdd8bcc0f1c7dd4d12c2939474e4aa6d589254e9deb,2bbe285dc2121f0d6ab9cfd2fe1f8d80fcf240ecbd0499b50aaaf540cb04ead5,3b3afcd2cab338592aa1754b3a15e7d807718360543db2ef7a862930a5aa3e14,3b3afcd2cab338592aa1754b3a15e7d807718360543db2ef7a862930a5aa3e14,suc_khoe,public_synthetic,true,ai_draft,train
pub_pfa_035,public_pfa_demo,eg_e698ae78c3dbfc9252b11d44d54803b7fd1237c9f6ebc67f00de8bb372f26649,pfa_Uber_Ride,b6fbf75876a1d36e509947158789fed11e2977e3ad877c520ea0581486f7dbe6,4fc03d42d6dd8f42f1c52e692f56a298dc6eeea378f2c57673ba2fa250e98977,8fe94063500126b6bb6f9bc51c6c64627846a3a2bca4d05ddf8f1137b157f250,90db67781cd58b20dc0c1666e5f3451170e48319e3b244b4ce7f4686be8e312f,di_chuyen,public_synthetic,true,ai_draft,train
pub_pfa_035_nd,public_pfa_demo,eg_e698ae78c3dbfc9252b11d44d54803b7fd1237c9f6ebc67f00de8bb372f26649,pfa_Uber_Ride,b6fbf75876a1d36e509947158789fed11e2977e3ad877c520ea0581486f7dbe6,4fc03d42d6dd8f42f1c52e692f56a298dc6eeea378f2c57673ba2fa250e98977,90db67781cd58b20dc0c1666e5f3451170e48319e3b244b4ce7f4686be8e312f,90db67781cd58b20dc0c1666e5f3451170e48319e3b244b4ce7f4686be8e312f,di_chuyen,public_synthetic,true,ai_draft,train
pub_pfa_039,public_pfa_demo,eg_e698ae78c3dbfc9252b11d44d54803b7fd1237c9f6ebc67f00de8bb372f26649,pfa_City_Parking_Auth,ca0699509fa634381224bd4d0456b5dc3a616bb54c06b73600c8df8404859f36,dd7cca3aadd926b73fe04757765e244c8ed265e58131782b1c7145c6fe00b994,dd993eba47f26863c3a973b8d3fb67cb658a793c113bd84fa0c0ea66fc81cae9,65bacdbcade166dc58b9f12e1bb738908ba06a26d6ab4ffe22d5c67a4716a19a,di_chuyen,public_synthetic,true,ai_draft,train
pub_pfa_039_nd,public_pfa_demo,eg_e698ae78c3dbfc9252b11d44d54803b7fd1237c9f6ebc67f00de8bb372f26649,pfa_City_Parking_Auth,ca0699509fa634381224bd4d0456b5dc3a616bb54c06b73600c8df8404859f36,dd7cca3aadd926b73fe04757765e244c8ed265e58131782b1c7145c6fe00b994,65bacdbcade166dc58b9f12e1bb738908ba06a26d6ab4ffe22d5c67a4716a19a,65bacdbcade166dc58b9f12e1bb738908ba06a26d6ab4ffe22d5c67a4716a19a,di_chuyen,public_synthetic,true,ai_draft,train
pub_pfa_045,public_pfa_demo,eg_e698ae78c3dbfc9252b11d44d54803b7fd1237c9f6ebc67f00de8bb372f26649,pfa_Regal_Cinema,7dd1d9e07c73a2beacf68cbb7011ac841efeee0c3dae96fbcefcb0ce389a492d,00e13177077badef0560cee0df9d7452e3f788940af31428463125c50edb8ce5,06be44b40fb08524fb1f58b8d3c898a1f34badfaa5e4ab16d7ad96d8a6a61fa2,74036624754a53a939e4a4692f436f4ab7f209d90ab8114d27ad30a21cedad4e,giai_tri,public_synthetic,true,ai_draft,train
pub_pfa_045_nd,public_pfa_demo,eg_e698ae78c3dbfc9252b11d44d54803b7fd1237c9f6ebc67f00de8bb372f26649,pfa_Regal_Cinema,7dd1d9e07c73a2beacf68cbb7011ac841efeee0c3dae96fbcefcb0ce389a492d,00e13177077badef0560cee0df9d7452e3f788940af31428463125c50edb8ce5,74036624754a53a939e4a4692f436f4ab7f209d90ab8114d27ad30a21cedad4e,74036624754a53a939e4a4692f436f4ab7f209d90ab8114d27ad30a21cedad4e,giai_tri,public_synthetic,true,ai_draft,train
pub_pfa_046,public_pfa_demo,eg_e698ae78c3dbfc9252b11d44d54803b7fd1237c9f6ebc67f00de8bb372f26649,pfa_Chevron_Gas,358ca3519b11ffe717a952419543b19e56c2587fb9beb2f0f9bebf1a5e6f6fe0,8f75f8b8845224be1282e309bff7776cb65d0e69070400fd41fa76d4bcf65dc7,fea64b2f89663704edc8ff3c0d728c3c0ccb705fdfc77316e41dab907a90963b,e0b432079df9be958f2a337b591e308cad26f56f9565f28833ba2ba7230bcd80,di_chuyen,public_synthetic,true,ai_draft,train
pub_pfa_046_nd,public_pfa_demo,eg_e698ae78c3dbfc9252b11d44d54803b7fd1237c9f6ebc67f00de8bb372f26649,pfa_Chevron_Gas,358ca3519b11ffe717a952419543b19e56c2587fb9beb2f0f9bebf1a5e6f6fe0,8f75f8b8845224be1282e309bff7776cb65d0e69070400fd41fa76d4bcf65dc7,e0b432079df9be958f2a337b591e308cad26f56f9565f28833ba2ba7230bcd80,e0b432079df9be958f2a337b591e308cad26f56f9565f28833ba2ba7230bcd80,di_chuyen,public_synthetic,true,ai_draft,train
pub_pfa_048,public_pfa_demo,eg_e698ae78c3dbfc9252b11d44d54803b7fd1237c9f6ebc67f00de8bb372f26649,pfa_Water_Utility,221096f46a3c7dfafcc3cd88dcf34762e1d57582e05c4fff081193390b5ff2ba,63d17ef0739fddda5f91bdbd6c34cb96c7928773a66df539836d50b05949c05d,e78d55c66c2434ba2a87722dc015b6e49ce38aed76d76f5d2f7d74609f39fd2b,fef575cd9bceec0d7f43f7d555722e73437422f20243f972dec7129dca9dd087,nha_o_hoa_don,public_synthetic,true,ai_draft,train
pub_pfa_048_nd,public_pfa_demo,eg_e698ae78c3dbfc9252b11d44d54803b7fd1237c9f6ebc67f00de8bb372f26649,pfa_Water_Utility,221096f46a3c7dfafcc3cd88dcf34762e1d57582e05c4fff081193390b5ff2ba,63d17ef0739fddda5f91bdbd6c34cb96c7928773a66df539836d50b05949c05d,fef575cd9bceec0d7f43f7d555722e73437422f20243f972dec7129dca9dd087,fef575cd9bceec0d7f43f7d555722e73437422f20243f972dec7129dca9dd087,nha_o_hoa_don,public_synthetic,true,ai_draft,train
pub_pfa_053,public_pfa_demo,eg_e698ae78c3dbfc9252b11d44d54803b7fd1237c9f6ebc67f00de8bb372f26649,pfa_Best_Buy_Electronics,0da0ecb81e99da812376a683fb1dc054b7e3f787ebf9784e0159109c38e508bb,b757b1d004fc92a40b293f7f94d2ee851cae0c101d0b4abdcc153d342661b017,7a191826e6247e82477ee78f7a57e40d9df9f8fb43f48756f685e5139e01cf56,a6403df081c3051132e256bcf008d6e40128cff3630f38fe2a2eb5725966f54f,mua_sam,public_synthetic,true,ai_draft,train
pub_pfa_053_nd,public_pfa_demo,eg_e698ae78c3dbfc9252b11d44d54803b7fd1237c9f6ebc67f00de8bb372f26649,pfa_Best_Buy_Electronics,0da0ecb81e99da812376a683fb1dc054b7e3f787ebf9784e0159109c38e508bb,b757b1d004fc92a40b293f7f94d2ee851cae0c101d0b4abdcc153d342661b017,a6403df081c3051132e256bcf008d6e40128cff3630f38fe2a2eb5725966f54f,a6403df081c3051132e256bcf008d6e40128cff3630f38fe2a2eb5725966f54f,mua_sam,public_synthetic,true,ai_draft,train
pub_pfa_069,public_pfa_demo,eg_e698ae78c3dbfc9252b11d44d54803b7fd1237c9f6ebc67f00de8bb372f26649,pfa_Safeway_Groceries,f03cd7e4a2d73b35bd41173c3bdf19cfac62c96dcc38809be385b67796a4d88f,9b52223b6ad0fc744430456a2eaa1a9c5dad8f212c5d1e3faac59ca67ae3a3ee,5d2195554b82ddde5e8087289bbb3072de85b469e9fa556861f8a2c2b6f27470,3c4e5c96b4698d2adf2ee1d238e5dd108d19c06d3c896550890a169306437070,an_uong,public_synthetic,true,ai_draft,train
pub_pfa_069_nd,public_pfa_demo,eg_e698ae78c3dbfc9252b11d44d54803b7fd1237c9f6ebc67f00de8bb372f26649,pfa_Safeway_Groceries,f03cd7e4a2d73b35bd41173c3bdf19cfac62c96dcc38809be385b67796a4d88f,9b52223b6ad0fc744430456a2eaa1a9c5dad8f212c5d1e3faac59ca67ae3a3ee,3c4e5c96b4698d2adf2ee1d238e5dd108d19c06d3c896550890a169306437070,3c4e5c96b4698d2adf2ee1d238e5dd108d19c06d3c896550890a169306437070,an_uong,public_synthetic,true,ai_draft,train
pub_pfa_071,public_pfa_demo,eg_e698ae78c3dbfc9252b11d44d54803b7fd1237c9f6ebc67f00de8bb372f26649,pfa_Uber_Eats_Delivery,9c08fd3a7552d3f1b197f4df03ca8d4dfd60855c719baac2ee6a863a443a3c42,0708a8e5f51f752a1b92931a0e5ea9789d343411c3450f4910fbc4cc5a0f130c,579bcf7771638a6d4e21755872d363a7899d27b6166d8c487e1c4303dac54579,8dfe072fbf807c4333c560b883abe0429d8a919aabc1eea73f8edafb8297d32b,an_uong,public_synthetic,true,ai_draft,train
pub_pfa_071_nd,public_pfa_demo,eg_e698ae78c3dbfc9252b11d44d54803b7fd1237c9f6ebc67f00de8bb372f26649,pfa_Uber_Eats_Delivery,9c08fd3a7552d3f1b197f4df03ca8d4dfd60855c719baac2ee6a863a443a3c42,0708a8e5f51f752a1b92931a0e5ea9789d343411c3450f4910fbc4cc5a0f130c,8dfe072fbf807c4333c560b883abe0429d8a919aabc1eea73f8edafb8297d32b,8dfe072fbf807c4333c560b883abe0429d8a919aabc1eea73f8edafb8297d32b,an_uong,public_synthetic,true,ai_draft,train
pub_pfa_078,public_pfa_demo,eg_e698ae78c3dbfc9252b11d44d54803b7fd1237c9f6ebc67f00de8bb372f26649,pfa_Dental_Care_Associates,6ba45e429942e769085147fad5ed326577bd81da04fa30a2810da202d699a230,eb06fb82bdc6dfee2a54848a7213062c168c9f591cd5a4417bfab83a7f6bfe3a,58cb8fd111ff69398a0e0b229f5d84a431e836eec61f42ef21e1da1e62495c4c,e5eecec045fe691ee83d7206f072f4f5d4245d7b6ae36b7e25416b3a4c3a604c,suc_khoe,public_synthetic,true,ai_draft,train
pub_pfa_078_nd,public_pfa_demo,eg_e698ae78c3dbfc9252b11d44d54803b7fd1237c9f6ebc67f00de8bb372f26649,pfa_Dental_Care_Associates,6ba45e429942e769085147fad5ed326577bd81da04fa30a2810da202d699a230,eb06fb82bdc6dfee2a54848a7213062c168c9f591cd5a4417bfab83a7f6bfe3a,e5eecec045fe691ee83d7206f072f4f5d4245d7b6ae36b7e25416b3a4c3a604c,e5eecec045fe691ee83d7206f072f4f5d4245d7b6ae36b7e25416b3a4c3a604c,suc_khoe,public_synthetic,true,ai_draft,train
pub_pfa_079,public_pfa_demo,eg_e698ae78c3dbfc9252b11d44d54803b7fd1237c9f6ebc67f00de8bb372f26649,pfa_Subway_Sandwiches,b683417c44d0ac7e1e27bcc5796b03a96e9255bc6a8caa7a49d71f21de1c46b0,91ff89e201d18b56495750a8504da26ac681872e68e7436f81ea9e97f9ad820a,c937117b57639ab05aae2d8c5d468a8b64cf3411d72c97e1f607843cbdf033a5,06f3b78d0c13eb120ab99b94895e2c00b9fbaeb201bea1bb21fbfcf04705a016,an_uong,public_synthetic,true,ai_draft,train
pub_pfa_079_nd,public_pfa_demo,eg_e698ae78c3dbfc9252b11d44d54803b7fd1237c9f6ebc67f00de8bb372f26649,pfa_Subway_Sandwiches,b683417c44d0ac7e1e27bcc5796b03a96e9255bc6a8caa7a49d71f21de1c46b0,91ff89e201d18b56495750a8504da26ac681872e68e7436f81ea9e97f9ad820a,06f3b78d0c13eb120ab99b94895e2c00b9fbaeb201bea1bb21fbfcf04705a016,06f3b78d0c13eb120ab99b94895e2c00b9fbaeb201bea1bb21fbfcf04705a016,an_uong,public_synthetic,true,ai_draft,train
seed_an_uong_bua_an_01,tpl_an_uong_bua_an,eg_d7b0e3a089325fa8c227c712c6571498904005b056827e0a0a0fbc80d5bf4dee,tpl_an_uong_bua_an,08b3277dc14d4f805c99fb7bef27a9a7fb9da699c2be49041421dfe4327cfe2e,c9f05997152c5309db37b0cff9ad1fcbc959606e93d29c018e6ea0c9aa3c429b,288373a8a323dd0015d1faeeb3c8f01dfdeee6ac4ead5eb6eec59db805353299,f3236f9abcc49ce33ab21bb8c36ab59b47ae513fd5972be5e91e3b185f79ba18,an_uong,author_synthetic,true,ai_draft,train
seed_an_uong_bua_an_01_nd,tpl_an_uong_bua_an,eg_d7b0e3a089325fa8c227c712c6571498904005b056827e0a0a0fbc80d5bf4dee,tpl_an_uong_bua_an,08b3277dc14d4f805c99fb7bef27a9a7fb9da699c2be49041421dfe4327cfe2e,c9f05997152c5309db37b0cff9ad1fcbc959606e93d29c018e6ea0c9aa3c429b,f3236f9abcc49ce33ab21bb8c36ab59b47ae513fd5972be5e91e3b185f79ba18,f3236f9abcc49ce33ab21bb8c36ab59b47ae513fd5972be5e91e3b185f79ba18,an_uong,author_synthetic,true,ai_draft,train
seed_an_uong_bua_an_02,tpl_an_uong_bua_an,eg_d7b0e3a089325fa8c227c712c6571498904005b056827e0a0a0fbc80d5bf4dee,tpl_an_uong_bua_an,08b3277dc14d4f805c99fb7bef27a9a7fb9da699c2be49041421dfe4327cfe2e,9a9fcfd7859f23fe6c1cd1b51aae7d1be9fcb9ab0e937f2b446ae93980c7fc3a,4e72dfaff28825f0cc91b6ee2995ffc399bec2c0842a4f7d8ca4c74a35c0186a,bc35579a2bab697a246dab3bb8fa4060ed44b50ca5c78614ef58d28f1d2d978d,an_uong,author_synthetic,true,ai_draft,train
seed_an_uong_bua_an_02_nd,tpl_an_uong_bua_an,eg_d7b0e3a089325fa8c227c712c6571498904005b056827e0a0a0fbc80d5bf4dee,tpl_an_uong_bua_an,08b3277dc14d4f805c99fb7bef27a9a7fb9da699c2be49041421dfe4327cfe2e,9a9fcfd7859f23fe6c1cd1b51aae7d1be9fcb9ab0e937f2b446ae93980c7fc3a,bc35579a2bab697a246dab3bb8fa4060ed44b50ca5c78614ef58d28f1d2d978d,bc35579a2bab697a246dab3bb8fa4060ed44b50ca5c78614ef58d28f1d2d978d,an_uong,author_synthetic,true,ai_draft,train
seed_an_uong_bua_an_03,tpl_an_uong_bua_an,eg_d7b0e3a089325fa8c227c712c6571498904005b056827e0a0a0fbc80d5bf4dee,tpl_an_uong_bua_an,08b3277dc14d4f805c99fb7bef27a9a7fb9da699c2be49041421dfe4327cfe2e,a30d7bd491de9d4c5c7b9b73860c5b8d0aa51fe3284316f81162c43f5fdb7474,3b6b65f42edb4a7075f59124748ebb5383b8122fa910e05919789ab62ae2d21b,aafed55529f6b895c418868c6008c22401fe5399e6f5f605bcd3b47bc9a059d4,an_uong,author_synthetic,true,ai_draft,train
seed_an_uong_bua_an_03_nd,tpl_an_uong_bua_an,eg_d7b0e3a089325fa8c227c712c6571498904005b056827e0a0a0fbc80d5bf4dee,tpl_an_uong_bua_an,08b3277dc14d4f805c99fb7bef27a9a7fb9da699c2be49041421dfe4327cfe2e,a30d7bd491de9d4c5c7b9b73860c5b8d0aa51fe3284316f81162c43f5fdb7474,aafed55529f6b895c418868c6008c22401fe5399e6f5f605bcd3b47bc9a059d4,aafed55529f6b895c418868c6008c22401fe5399e6f5f605bcd3b47bc9a059d4,an_uong,author_synthetic,true,ai_draft,train
seed_an_uong_bua_an_04,tpl_an_uong_bua_an,eg_d7b0e3a089325fa8c227c712c6571498904005b056827e0a0a0fbc80d5bf4dee,tpl_an_uong_bua_an,08b3277dc14d4f805c99fb7bef27a9a7fb9da699c2be49041421dfe4327cfe2e,bacb12f3cad513e4223ca38a9c18aa7281a33bb10c9dddfa1f57ba6640cf32f7,a1063448cb092444f9c3e81a0acf8d01ce4fdafd4dc4ea7ae533d255a30db2e3,81e609bd7491aa639d6f3f33e2291e0cb789159c11a64df4989f7884b155a496,an_uong,author_synthetic,true,ai_draft,train
seed_an_uong_bua_an_04_nd,tpl_an_uong_bua_an,eg_d7b0e3a089325fa8c227c712c6571498904005b056827e0a0a0fbc80d5bf4dee,tpl_an_uong_bua_an,08b3277dc14d4f805c99fb7bef27a9a7fb9da699c2be49041421dfe4327cfe2e,bacb12f3cad513e4223ca38a9c18aa7281a33bb10c9dddfa1f57ba6640cf32f7,81e609bd7491aa639d6f3f33e2291e0cb789159c11a64df4989f7884b155a496,81e609bd7491aa639d6f3f33e2291e0cb789159c11a64df4989f7884b155a496,an_uong,author_synthetic,true,ai_draft,train
seed_an_uong_bua_an_05,tpl_an_uong_bua_an,eg_d7b0e3a089325fa8c227c712c6571498904005b056827e0a0a0fbc80d5bf4dee,tpl_an_uong_bua_an,08b3277dc14d4f805c99fb7bef27a9a7fb9da699c2be49041421dfe4327cfe2e,cd6cebbec069f6de4d3a79720e68db92c27d4508079e86f3ecd719baf8f499c9,778010a6abd25ca37a322ffa824866b57646ee3f4182f0cf2d759a9f869538b4,ec0897a15b3f2c5db9b24010495c3593c01c46493cdf26f7bbfba90080eddb2d,an_uong,author_synthetic,true,ai_draft,train
seed_an_uong_bua_an_05_nd,tpl_an_uong_bua_an,eg_d7b0e3a089325fa8c227c712c6571498904005b056827e0a0a0fbc80d5bf4dee,tpl_an_uong_bua_an,08b3277dc14d4f805c99fb7bef27a9a7fb9da699c2be49041421dfe4327cfe2e,cd6cebbec069f6de4d3a79720e68db92c27d4508079e86f3ecd719baf8f499c9,ec0897a15b3f2c5db9b24010495c3593c01c46493cdf26f7bbfba90080eddb2d,ec0897a15b3f2c5db9b24010495c3593c01c46493cdf26f7bbfba90080eddb2d,an_uong,author_synthetic,true,ai_draft,train
seed_an_uong_do_uong_01,tpl_an_uong_do_uong,eg_f2b9c6cf3b4f048472610e91b8414da71b528cdc1afad0f8426ef6e2f43ed428,tpl_an_uong_do_uong,d19dda6f0d3f3813b563b240148100741c5fc3f96c555b90cac9966432d0f625,7cb183fec347946c549ad14dbad001da11e0d6bbdd2c4a3f47c34caa22fdaed0,b69c5fa22eaea808c01014613f00e67030a028f0717b835a60fe74a347fbb4c5,1e559f7bac362be635164590133651044db0fb1f3f57150e1ad8152b64b0cd4a,an_uong,author_synthetic,true,ai_draft,train
seed_an_uong_do_uong_01_nd,tpl_an_uong_do_uong,eg_f2b9c6cf3b4f048472610e91b8414da71b528cdc1afad0f8426ef6e2f43ed428,tpl_an_uong_do_uong,d19dda6f0d3f3813b563b240148100741c5fc3f96c555b90cac9966432d0f625,7cb183fec347946c549ad14dbad001da11e0d6bbdd2c4a3f47c34caa22fdaed0,1e559f7bac362be635164590133651044db0fb1f3f57150e1ad8152b64b0cd4a,1e559f7bac362be635164590133651044db0fb1f3f57150e1ad8152b64b0cd4a,an_uong,author_synthetic,true,ai_draft,train
seed_an_uong_do_uong_02,tpl_an_uong_do_uong,eg_f2b9c6cf3b4f048472610e91b8414da71b528cdc1afad0f8426ef6e2f43ed428,tpl_an_uong_do_uong,d19dda6f0d3f3813b563b240148100741c5fc3f96c555b90cac9966432d0f625,ff9188033b9fc5359c0bbd0490326607e67dd23c02ee45d7f84610bc4ec37c13,37f9dc76e6a0f0a76ca0c91000c173d94cccdd761dec4ed7366f77dd84116417,54db138c69a8484d7efd4c091e34a44dc4ecd23ea45bb660e302598ffb96dd27,an_uong,author_synthetic,true,ai_draft,train
seed_an_uong_do_uong_02_nd,tpl_an_uong_do_uong,eg_f2b9c6cf3b4f048472610e91b8414da71b528cdc1afad0f8426ef6e2f43ed428,tpl_an_uong_do_uong,d19dda6f0d3f3813b563b240148100741c5fc3f96c555b90cac9966432d0f625,ff9188033b9fc5359c0bbd0490326607e67dd23c02ee45d7f84610bc4ec37c13,54db138c69a8484d7efd4c091e34a44dc4ecd23ea45bb660e302598ffb96dd27,54db138c69a8484d7efd4c091e34a44dc4ecd23ea45bb660e302598ffb96dd27,an_uong,author_synthetic,true,ai_draft,train
seed_an_uong_do_uong_03,tpl_an_uong_do_uong,eg_f2b9c6cf3b4f048472610e91b8414da71b528cdc1afad0f8426ef6e2f43ed428,tpl_an_uong_do_uong,d19dda6f0d3f3813b563b240148100741c5fc3f96c555b90cac9966432d0f625,33408d17f6e35ea8f6d095c105d27835aef5de6c7c440c917a640f119c2630a8,76d8b8eb7fec30495ba56ee639bfd8b6746dc96713e33ab68f9c653604b07bde,ad3403da1cab27b19ad7864b3b51d435101fb8150ec4bb1eca92af46a6e1de2b,an_uong,author_synthetic,true,ai_draft,train
seed_an_uong_do_uong_03_nd,tpl_an_uong_do_uong,eg_f2b9c6cf3b4f048472610e91b8414da71b528cdc1afad0f8426ef6e2f43ed428,tpl_an_uong_do_uong,d19dda6f0d3f3813b563b240148100741c5fc3f96c555b90cac9966432d0f625,33408d17f6e35ea8f6d095c105d27835aef5de6c7c440c917a640f119c2630a8,ad3403da1cab27b19ad7864b3b51d435101fb8150ec4bb1eca92af46a6e1de2b,ad3403da1cab27b19ad7864b3b51d435101fb8150ec4bb1eca92af46a6e1de2b,an_uong,author_synthetic,true,ai_draft,train
seed_an_uong_do_uong_04,tpl_an_uong_do_uong,eg_f2b9c6cf3b4f048472610e91b8414da71b528cdc1afad0f8426ef6e2f43ed428,tpl_an_uong_do_uong,d19dda6f0d3f3813b563b240148100741c5fc3f96c555b90cac9966432d0f625,10c2503737381ce6d4b0ebcfd660aad5d27a8b6c49d1966d8cdc3e517107cb37,affea02add5a684f9a5a4da8e2f91618ac72c86d1f3272977dca3dbc2bac0b04,a212871a9603a81a56b225eee6f0348e80c48bbdd2a29365e820f1bff15fa711,an_uong,author_synthetic,true,ai_draft,train
seed_an_uong_do_uong_04_nd,tpl_an_uong_do_uong,eg_f2b9c6cf3b4f048472610e91b8414da71b528cdc1afad0f8426ef6e2f43ed428,tpl_an_uong_do_uong,d19dda6f0d3f3813b563b240148100741c5fc3f96c555b90cac9966432d0f625,10c2503737381ce6d4b0ebcfd660aad5d27a8b6c49d1966d8cdc3e517107cb37,a212871a9603a81a56b225eee6f0348e80c48bbdd2a29365e820f1bff15fa711,a212871a9603a81a56b225eee6f0348e80c48bbdd2a29365e820f1bff15fa711,an_uong,author_synthetic,true,ai_draft,train
seed_an_uong_do_uong_05,tpl_an_uong_do_uong,eg_f2b9c6cf3b4f048472610e91b8414da71b528cdc1afad0f8426ef6e2f43ed428,tpl_an_uong_do_uong,d19dda6f0d3f3813b563b240148100741c5fc3f96c555b90cac9966432d0f625,9f88f1f9a1973cdec60dcadab27de9933ad55e96c3b4dc110e38d11ced42fcc6,0752e246977bc94a93771d5aa1f4cbc4e4840d15b5ff9bcbc1d9f35bd0a107b3,11f126e310ce990d4274e0feeaaa35dc750d466247ca2ec7ca04227f3fbbf39c,an_uong,author_synthetic,true,ai_draft,train
seed_an_uong_do_uong_05_nd,tpl_an_uong_do_uong,eg_f2b9c6cf3b4f048472610e91b8414da71b528cdc1afad0f8426ef6e2f43ed428,tpl_an_uong_do_uong,d19dda6f0d3f3813b563b240148100741c5fc3f96c555b90cac9966432d0f625,9f88f1f9a1973cdec60dcadab27de9933ad55e96c3b4dc110e38d11ced42fcc6,11f126e310ce990d4274e0feeaaa35dc750d466247ca2ec7ca04227f3fbbf39c,11f126e310ce990d4274e0feeaaa35dc750d466247ca2ec7ca04227f3fbbf39c,an_uong,author_synthetic,true,ai_draft,train
seed_an_uong_giao_do_an_01,tpl_an_uong_giao_do_an,eg_1bee2c71c446a19a88339e4442e7cb13cbd30f0c2880fbce2fdd58a9f3bbe26b,tpl_an_uong_giao_do_an,291958a9ae671a55d1dee2ec6f3322154c38c7bf775956dc25e760f45d4b30fc,57ad1069d510ea3de418173f1feb530aca7385dc39f4c930317643dc1f991d45,ad0922c1a3142f29f9fdc0695b05e6e68238a98ea03c19ec5b580713677c6f4f,db32e6c9dd52c29abd9c4fe15b6bb44698a33fe0b0b3530c98f679d79863c5e8,an_uong,author_synthetic,true,ai_draft,train
seed_an_uong_giao_do_an_01_nd,tpl_an_uong_giao_do_an,eg_1bee2c71c446a19a88339e4442e7cb13cbd30f0c2880fbce2fdd58a9f3bbe26b,tpl_an_uong_giao_do_an,291958a9ae671a55d1dee2ec6f3322154c38c7bf775956dc25e760f45d4b30fc,57ad1069d510ea3de418173f1feb530aca7385dc39f4c930317643dc1f991d45,db32e6c9dd52c29abd9c4fe15b6bb44698a33fe0b0b3530c98f679d79863c5e8,db32e6c9dd52c29abd9c4fe15b6bb44698a33fe0b0b3530c98f679d79863c5e8,an_uong,author_synthetic,true,ai_draft,train
seed_an_uong_giao_do_an_02,tpl_an_uong_giao_do_an,eg_1bee2c71c446a19a88339e4442e7cb13cbd30f0c2880fbce2fdd58a9f3bbe26b,tpl_an_uong_giao_do_an,291958a9ae671a55d1dee2ec6f3322154c38c7bf775956dc25e760f45d4b30fc,e1d176ae7929c99bcb42b6f68106bbc96927af6764746f9e52ed764a2f75c090,a9d1486c82dfa3600b68fea477bd556c132a0866b3182f18c1573d483fdb54f9,53808a669dac72c7199e2ed2b64ebb408bba1360440b1f50e61f752698c04c77,an_uong,author_synthetic,true,ai_draft,train
seed_an_uong_giao_do_an_02_nd,tpl_an_uong_giao_do_an,eg_1bee2c71c446a19a88339e4442e7cb13cbd30f0c2880fbce2fdd58a9f3bbe26b,tpl_an_uong_giao_do_an,291958a9ae671a55d1dee2ec6f3322154c38c7bf775956dc25e760f45d4b30fc,e1d176ae7929c99bcb42b6f68106bbc96927af6764746f9e52ed764a2f75c090,53808a669dac72c7199e2ed2b64ebb408bba1360440b1f50e61f752698c04c77,53808a669dac72c7199e2ed2b64ebb408bba1360440b1f50e61f752698c04c77,an_uong,author_synthetic,true,ai_draft,train
seed_an_uong_giao_do_an_03,tpl_an_uong_giao_do_an,eg_1bee2c71c446a19a88339e4442e7cb13cbd30f0c2880fbce2fdd58a9f3bbe26b,tpl_an_uong_giao_do_an,291958a9ae671a55d1dee2ec6f3322154c38c7bf775956dc25e760f45d4b30fc,29d03c57058afc2c690ce249ad47cf0cadddc9be6d077a3033c60536ed7e99d1,78f9accfc48f467cc9c8c4e3fad4946ec15688e57154e889a1ca8df1bd40a379,c0d67b956327a8eb4b16fa8cc2215ee0c0e65b4b0ec6574ff8e803ff3e658a04,an_uong,author_synthetic,true,ai_draft,train
seed_an_uong_giao_do_an_03_nd,tpl_an_uong_giao_do_an,eg_1bee2c71c446a19a88339e4442e7cb13cbd30f0c2880fbce2fdd58a9f3bbe26b,tpl_an_uong_giao_do_an,291958a9ae671a55d1dee2ec6f3322154c38c7bf775956dc25e760f45d4b30fc,29d03c57058afc2c690ce249ad47cf0cadddc9be6d077a3033c60536ed7e99d1,c0d67b956327a8eb4b16fa8cc2215ee0c0e65b4b0ec6574ff8e803ff3e658a04,c0d67b956327a8eb4b16fa8cc2215ee0c0e65b4b0ec6574ff8e803ff3e658a04,an_uong,author_synthetic,true,ai_draft,train
seed_an_uong_giao_do_an_04,tpl_an_uong_giao_do_an,eg_1bee2c71c446a19a88339e4442e7cb13cbd30f0c2880fbce2fdd58a9f3bbe26b,tpl_an_uong_giao_do_an,291958a9ae671a55d1dee2ec6f3322154c38c7bf775956dc25e760f45d4b30fc,002a4824d176fcca1fd01b6af7b48dbe0dcf41b656a50efb21e2b4cb9aac40b7,3413b2f8c5616227ca4bbaa3eeb614a3738c82cdd5442c1bc981783eab837ab1,8b8438bced8c7fd912c032553fbe66d0494e7db95376fa73610baf6df57b8371,an_uong,author_synthetic,true,ai_draft,train
seed_an_uong_giao_do_an_04_nd,tpl_an_uong_giao_do_an,eg_1bee2c71c446a19a88339e4442e7cb13cbd30f0c2880fbce2fdd58a9f3bbe26b,tpl_an_uong_giao_do_an,291958a9ae671a55d1dee2ec6f3322154c38c7bf775956dc25e760f45d4b30fc,002a4824d176fcca1fd01b6af7b48dbe0dcf41b656a50efb21e2b4cb9aac40b7,8b8438bced8c7fd912c032553fbe66d0494e7db95376fa73610baf6df57b8371,8b8438bced8c7fd912c032553fbe66d0494e7db95376fa73610baf6df57b8371,an_uong,author_synthetic,true,ai_draft,train
seed_an_uong_giao_do_an_05,tpl_an_uong_giao_do_an,eg_1bee2c71c446a19a88339e4442e7cb13cbd30f0c2880fbce2fdd58a9f3bbe26b,tpl_an_uong_giao_do_an,291958a9ae671a55d1dee2ec6f3322154c38c7bf775956dc25e760f45d4b30fc,ab06c52c9ae4ed029e30d7fadfa2d066f06e703813f284115f8ccb168c8b2072,befbebbd60e71fb5c471628f5efc71e8513114506a9e44555c02970d479913af,a8d1348d0b95c8e3ab4141406011c57403d4737f984e3e96677f9e4d8397fd2e,an_uong,author_synthetic,true,ai_draft,train
seed_an_uong_giao_do_an_05_nd,tpl_an_uong_giao_do_an,eg_1bee2c71c446a19a88339e4442e7cb13cbd30f0c2880fbce2fdd58a9f3bbe26b,tpl_an_uong_giao_do_an,291958a9ae671a55d1dee2ec6f3322154c38c7bf775956dc25e760f45d4b30fc,ab06c52c9ae4ed029e30d7fadfa2d066f06e703813f284115f8ccb168c8b2072,a8d1348d0b95c8e3ab4141406011c57403d4737f984e3e96677f9e4d8397fd2e,a8d1348d0b95c8e3ab4141406011c57403d4737f984e3e96677f9e4d8397fd2e,an_uong,author_synthetic,true,ai_draft,train
seed_an_uong_thuc_pham_01,tpl_an_uong_thuc_pham,eg_ed867bd3f11cbb3ca9bc318d7ffcff4b4c6e2804610292d4355aa4cc707ea039,tpl_an_uong_thuc_pham,f0c287c55c63e1b64d00f57b875d7a01ffd1a11a4a61835734225ef3146e9476,2c575713e2fa54e3de2dc4418189174778e4f6ffc6d95e30fdaee8e52d6d5526,5f6492dbd1fbec73bd1f7bd084a2fa91d6a8ec5dd408d9600874dc77951b65dc,13ddabb5d1ce47dfbd16931fca511eecef9538a860886b6f0ea70fd477f3d89a,an_uong,author_synthetic,true,ai_draft,train
seed_an_uong_thuc_pham_01_nd,tpl_an_uong_thuc_pham,eg_ed867bd3f11cbb3ca9bc318d7ffcff4b4c6e2804610292d4355aa4cc707ea039,tpl_an_uong_thuc_pham,f0c287c55c63e1b64d00f57b875d7a01ffd1a11a4a61835734225ef3146e9476,2c575713e2fa54e3de2dc4418189174778e4f6ffc6d95e30fdaee8e52d6d5526,13ddabb5d1ce47dfbd16931fca511eecef9538a860886b6f0ea70fd477f3d89a,13ddabb5d1ce47dfbd16931fca511eecef9538a860886b6f0ea70fd477f3d89a,an_uong,author_synthetic,true,ai_draft,train
seed_an_uong_thuc_pham_02,tpl_an_uong_thuc_pham,eg_ed867bd3f11cbb3ca9bc318d7ffcff4b4c6e2804610292d4355aa4cc707ea039,tpl_an_uong_thuc_pham,f0c287c55c63e1b64d00f57b875d7a01ffd1a11a4a61835734225ef3146e9476,6e9b1f2de9cc393199139b79f743f090bdf6d3f89c21b1925509c62442f2e9e6,b03864b19f0907f5bd88f8370c63532bd1e8fd81a60255960b7f6409a0481e36,886011b63fc6ff64f2012c9cb6f59599b6daef2e48ee4ed6809299145db38051,an_uong,author_synthetic,true,ai_draft,train
seed_an_uong_thuc_pham_02_nd,tpl_an_uong_thuc_pham,eg_ed867bd3f11cbb3ca9bc318d7ffcff4b4c6e2804610292d4355aa4cc707ea039,tpl_an_uong_thuc_pham,f0c287c55c63e1b64d00f57b875d7a01ffd1a11a4a61835734225ef3146e9476,6e9b1f2de9cc393199139b79f743f090bdf6d3f89c21b1925509c62442f2e9e6,886011b63fc6ff64f2012c9cb6f59599b6daef2e48ee4ed6809299145db38051,886011b63fc6ff64f2012c9cb6f59599b6daef2e48ee4ed6809299145db38051,an_uong,author_synthetic,true,ai_draft,train
seed_an_uong_thuc_pham_03,tpl_an_uong_thuc_pham,eg_ed867bd3f11cbb3ca9bc318d7ffcff4b4c6e2804610292d4355aa4cc707ea039,tpl_an_uong_thuc_pham,f0c287c55c63e1b64d00f57b875d7a01ffd1a11a4a61835734225ef3146e9476,a5dacbf088f46e2bf6cb3e5f55b0e96b75e75a5edf35436e8a41bb7cfef4354b,1441c9e8e4f9fd3580903f52555784254be87600247b364d6c936a3e35aaa2e2,d953b8119a936c52b30410cac44120b71c34915529be84d0a03681e4e28efbe7,an_uong,author_synthetic,true,ai_draft,train
seed_an_uong_thuc_pham_03_nd,tpl_an_uong_thuc_pham,eg_ed867bd3f11cbb3ca9bc318d7ffcff4b4c6e2804610292d4355aa4cc707ea039,tpl_an_uong_thuc_pham,f0c287c55c63e1b64d00f57b875d7a01ffd1a11a4a61835734225ef3146e9476,a5dacbf088f46e2bf6cb3e5f55b0e96b75e75a5edf35436e8a41bb7cfef4354b,d953b8119a936c52b30410cac44120b71c34915529be84d0a03681e4e28efbe7,d953b8119a936c52b30410cac44120b71c34915529be84d0a03681e4e28efbe7,an_uong,author_synthetic,true,ai_draft,train
seed_an_uong_thuc_pham_04,tpl_an_uong_thuc_pham,eg_ed867bd3f11cbb3ca9bc318d7ffcff4b4c6e2804610292d4355aa4cc707ea039,tpl_an_uong_thuc_pham,f0c287c55c63e1b64d00f57b875d7a01ffd1a11a4a61835734225ef3146e9476,be69d92fa91f759df4a19b8d075c8192e45f3e5912ba00a8470e547554c0cb2a,6aef106e0b70a0fb32c90d1b9cd65f4b819f397b9b2f2311df015972fcf773dd,5229f2ddc7bb5ac16d8aaa84263d25623030b1a257df3e531b6e0356a815a7c3,an_uong,author_synthetic,true,ai_draft,train
seed_an_uong_thuc_pham_04_nd,tpl_an_uong_thuc_pham,eg_ed867bd3f11cbb3ca9bc318d7ffcff4b4c6e2804610292d4355aa4cc707ea039,tpl_an_uong_thuc_pham,f0c287c55c63e1b64d00f57b875d7a01ffd1a11a4a61835734225ef3146e9476,be69d92fa91f759df4a19b8d075c8192e45f3e5912ba00a8470e547554c0cb2a,5229f2ddc7bb5ac16d8aaa84263d25623030b1a257df3e531b6e0356a815a7c3,5229f2ddc7bb5ac16d8aaa84263d25623030b1a257df3e531b6e0356a815a7c3,an_uong,author_synthetic,true,ai_draft,train
seed_an_uong_thuc_pham_05,tpl_an_uong_thuc_pham,eg_ed867bd3f11cbb3ca9bc318d7ffcff4b4c6e2804610292d4355aa4cc707ea039,tpl_an_uong_thuc_pham,f0c287c55c63e1b64d00f57b875d7a01ffd1a11a4a61835734225ef3146e9476,9f307915f682101096959e52f7548467d175aa0ba0d8b590521d594409d452fe,a9de2f719d11ba27bd1a168c849498a45eff948f5f7c8fa7919333ae5fe37dec,5e97955db2668b62c56dc7e45d6a8e2f17c0fc6b6491cf3702db2e646aa6f933,an_uong,author_synthetic,true,ai_draft,train
seed_an_uong_thuc_pham_05_nd,tpl_an_uong_thuc_pham,eg_ed867bd3f11cbb3ca9bc318d7ffcff4b4c6e2804610292d4355aa4cc707ea039,tpl_an_uong_thuc_pham,f0c287c55c63e1b64d00f57b875d7a01ffd1a11a4a61835734225ef3146e9476,9f307915f682101096959e52f7548467d175aa0ba0d8b590521d594409d452fe,5e97955db2668b62c56dc7e45d6a8e2f17c0fc6b6491cf3702db2e646aa6f933,5e97955db2668b62c56dc7e45d6a8e2f17c0fc6b6491cf3702db2e646aa6f933,an_uong,author_synthetic,true,ai_draft,train
seed_di_chuyen_sua_xe_01,tpl_di_chuyen_sua_xe,eg_08f3dd5d138040d8e63dcaec687c82a28fc90edb3f18215be6255e948d83a848,tpl_di_chuyen_sua_xe,3f6d643c307011e4d58ce3faa8146715da34a71043472f8285dead6818778920,1662290fdb5f5f442bcaf099c6f6c0825af03359c558c0c0e71adef14b028a2d,4f4bad721a2570a891dfe2169417aaf92853eda296da4eb3b2f2236ac64c2042,b6be6876958e015567da5070c0a9f5ea0c44c37831e5bd5a53c3afc366674b7e,di_chuyen,author_synthetic,true,ai_draft,train
seed_di_chuyen_sua_xe_01_nd,tpl_di_chuyen_sua_xe,eg_08f3dd5d138040d8e63dcaec687c82a28fc90edb3f18215be6255e948d83a848,tpl_di_chuyen_sua_xe,3f6d643c307011e4d58ce3faa8146715da34a71043472f8285dead6818778920,1662290fdb5f5f442bcaf099c6f6c0825af03359c558c0c0e71adef14b028a2d,b6be6876958e015567da5070c0a9f5ea0c44c37831e5bd5a53c3afc366674b7e,b6be6876958e015567da5070c0a9f5ea0c44c37831e5bd5a53c3afc366674b7e,di_chuyen,author_synthetic,true,ai_draft,train
seed_di_chuyen_sua_xe_02,tpl_di_chuyen_sua_xe,eg_08f3dd5d138040d8e63dcaec687c82a28fc90edb3f18215be6255e948d83a848,tpl_di_chuyen_sua_xe,3f6d643c307011e4d58ce3faa8146715da34a71043472f8285dead6818778920,2a252acd7a4d9f4a1c45e1846299c479ebb9380dcb732c19aaa7444477213569,f6431414e587ea099a3b88c1f99cf94606e720658d59fe747269849eee3bb969,73327a11e218a83c48d0a952362dc0a0e25e073f5fb694b20eceed24208c9467,di_chuyen,author_synthetic,true,ai_draft,train
seed_di_chuyen_sua_xe_02_nd,tpl_di_chuyen_sua_xe,eg_08f3dd5d138040d8e63dcaec687c82a28fc90edb3f18215be6255e948d83a848,tpl_di_chuyen_sua_xe,3f6d643c307011e4d58ce3faa8146715da34a71043472f8285dead6818778920,2a252acd7a4d9f4a1c45e1846299c479ebb9380dcb732c19aaa7444477213569,73327a11e218a83c48d0a952362dc0a0e25e073f5fb694b20eceed24208c9467,73327a11e218a83c48d0a952362dc0a0e25e073f5fb694b20eceed24208c9467,di_chuyen,author_synthetic,true,ai_draft,train
seed_di_chuyen_sua_xe_03,tpl_di_chuyen_sua_xe,eg_08f3dd5d138040d8e63dcaec687c82a28fc90edb3f18215be6255e948d83a848,tpl_di_chuyen_sua_xe,3f6d643c307011e4d58ce3faa8146715da34a71043472f8285dead6818778920,b2f311cad300f9a1429d3f9123084ebb7cd0dc9531a1b815ee2a91764cc976f5,4ad1b73d8adc0a1a9fd2c3cead7bad72c664df15c278824e87a98fb289a458aa,dde4320a7cdadd307938dabf6be5fd0c8e942e8443473dca854501f52169ba9a,di_chuyen,author_synthetic,true,ai_draft,train
seed_di_chuyen_sua_xe_03_nd,tpl_di_chuyen_sua_xe,eg_08f3dd5d138040d8e63dcaec687c82a28fc90edb3f18215be6255e948d83a848,tpl_di_chuyen_sua_xe,3f6d643c307011e4d58ce3faa8146715da34a71043472f8285dead6818778920,b2f311cad300f9a1429d3f9123084ebb7cd0dc9531a1b815ee2a91764cc976f5,dde4320a7cdadd307938dabf6be5fd0c8e942e8443473dca854501f52169ba9a,dde4320a7cdadd307938dabf6be5fd0c8e942e8443473dca854501f52169ba9a,di_chuyen,author_synthetic,true,ai_draft,train
seed_di_chuyen_sua_xe_04,tpl_di_chuyen_sua_xe,eg_08f3dd5d138040d8e63dcaec687c82a28fc90edb3f18215be6255e948d83a848,tpl_di_chuyen_sua_xe,3f6d643c307011e4d58ce3faa8146715da34a71043472f8285dead6818778920,db31678e16982fb5390282d4e76e3e506176c16740819577d9fc8b9a41570bcd,002719771025977385a5ed49753d1f56869aec915598028a0cdf7d519d4b2fed,428264f7b26640a1144774dc47509fcff08dce9b25279f714e31e5efa8c5d740,di_chuyen,author_synthetic,true,ai_draft,train
seed_di_chuyen_sua_xe_04_nd,tpl_di_chuyen_sua_xe,eg_08f3dd5d138040d8e63dcaec687c82a28fc90edb3f18215be6255e948d83a848,tpl_di_chuyen_sua_xe,3f6d643c307011e4d58ce3faa8146715da34a71043472f8285dead6818778920,db31678e16982fb5390282d4e76e3e506176c16740819577d9fc8b9a41570bcd,428264f7b26640a1144774dc47509fcff08dce9b25279f714e31e5efa8c5d740,428264f7b26640a1144774dc47509fcff08dce9b25279f714e31e5efa8c5d740,di_chuyen,author_synthetic,true,ai_draft,train
seed_di_chuyen_sua_xe_05,tpl_di_chuyen_sua_xe,eg_08f3dd5d138040d8e63dcaec687c82a28fc90edb3f18215be6255e948d83a848,tpl_di_chuyen_sua_xe,3f6d643c307011e4d58ce3faa8146715da34a71043472f8285dead6818778920,0c74ed9e30e1a87add365f7354494c9026dd43cdc783704e3f452bd63c548542,ce0271650ac88fcb7cf9e480ac5255c179de621f1d7112d86087fab4fbdd20ff,c91550c22d59b7c008e628a872dc7908422c6d331c84ae61452f3b00d67affa1,di_chuyen,author_synthetic,true,ai_draft,train
seed_di_chuyen_sua_xe_05_nd,tpl_di_chuyen_sua_xe,eg_08f3dd5d138040d8e63dcaec687c82a28fc90edb3f18215be6255e948d83a848,tpl_di_chuyen_sua_xe,3f6d643c307011e4d58ce3faa8146715da34a71043472f8285dead6818778920,0c74ed9e30e1a87add365f7354494c9026dd43cdc783704e3f452bd63c548542,c91550c22d59b7c008e628a872dc7908422c6d331c84ae61452f3b00d67affa1,c91550c22d59b7c008e628a872dc7908422c6d331c84ae61452f3b00d67affa1,di_chuyen,author_synthetic,true,ai_draft,train
seed_di_chuyen_ve_phuong_tien_01,tpl_di_chuyen_ve_phuong_tien,eg_e592d91921241fd106c3eb143cd32e9bc49ae0fdf0d20cc1e425eef35a032ddc,tpl_di_chuyen_ve_phuong_tien,9c97e52357b1bdcda6dfe2443650d379292c7da85fd2395c37d3612c2c2c8a72,00354401da1f81f70f17da34e449ade2cee6aded0f76f5634b9b68e5089b3d14,b9bda869d68ca2615a22c541eb7c3ed6edc34211f66bb66cc380bbc38dbad134,8447d843f0a64b655b9baa1127b3670aeb9b6395522c8c2f2a65a1b2f25d73bc,di_chuyen,author_synthetic,true,ai_draft,train
seed_di_chuyen_ve_phuong_tien_01_nd,tpl_di_chuyen_ve_phuong_tien,eg_e592d91921241fd106c3eb143cd32e9bc49ae0fdf0d20cc1e425eef35a032ddc,tpl_di_chuyen_ve_phuong_tien,9c97e52357b1bdcda6dfe2443650d379292c7da85fd2395c37d3612c2c2c8a72,00354401da1f81f70f17da34e449ade2cee6aded0f76f5634b9b68e5089b3d14,8447d843f0a64b655b9baa1127b3670aeb9b6395522c8c2f2a65a1b2f25d73bc,8447d843f0a64b655b9baa1127b3670aeb9b6395522c8c2f2a65a1b2f25d73bc,di_chuyen,author_synthetic,true,ai_draft,train
seed_di_chuyen_ve_phuong_tien_02,tpl_di_chuyen_ve_phuong_tien,eg_e592d91921241fd106c3eb143cd32e9bc49ae0fdf0d20cc1e425eef35a032ddc,tpl_di_chuyen_ve_phuong_tien,9c97e52357b1bdcda6dfe2443650d379292c7da85fd2395c37d3612c2c2c8a72,89e796ed3236f9f14b92cabcc893c53d456570852a76a8f0b810d370ac4e48ec,5d0723692992716d7bbbd0221a7ca0e9e0550b9184562e04c5467230cfb7656e,82c111a3cb12ba8466cab277e07917212f622c84f9001ff17a44499dfdb767ea,di_chuyen,author_synthetic,true,ai_draft,train
seed_di_chuyen_ve_phuong_tien_02_nd,tpl_di_chuyen_ve_phuong_tien,eg_e592d91921241fd106c3eb143cd32e9bc49ae0fdf0d20cc1e425eef35a032ddc,tpl_di_chuyen_ve_phuong_tien,9c97e52357b1bdcda6dfe2443650d379292c7da85fd2395c37d3612c2c2c8a72,89e796ed3236f9f14b92cabcc893c53d456570852a76a8f0b810d370ac4e48ec,82c111a3cb12ba8466cab277e07917212f622c84f9001ff17a44499dfdb767ea,82c111a3cb12ba8466cab277e07917212f622c84f9001ff17a44499dfdb767ea,di_chuyen,author_synthetic,true,ai_draft,train
seed_di_chuyen_ve_phuong_tien_03,tpl_di_chuyen_ve_phuong_tien,eg_e592d91921241fd106c3eb143cd32e9bc49ae0fdf0d20cc1e425eef35a032ddc,tpl_di_chuyen_ve_phuong_tien,9c97e52357b1bdcda6dfe2443650d379292c7da85fd2395c37d3612c2c2c8a72,41cbddc4d51123f6bf5ef68f31ae75f0d18284fdf596fbe2ccc7785b6b806cc7,f51e1f769d99d37577bbb6b74af519ed115887a1c5f40a5c23c96d3d4a44f582,3cc9c161e2500e1e5520959a48a75dec756f811434029b6193063d5c37c01114,di_chuyen,author_synthetic,true,ai_draft,train
seed_di_chuyen_ve_phuong_tien_03_nd,tpl_di_chuyen_ve_phuong_tien,eg_e592d91921241fd106c3eb143cd32e9bc49ae0fdf0d20cc1e425eef35a032ddc,tpl_di_chuyen_ve_phuong_tien,9c97e52357b1bdcda6dfe2443650d379292c7da85fd2395c37d3612c2c2c8a72,41cbddc4d51123f6bf5ef68f31ae75f0d18284fdf596fbe2ccc7785b6b806cc7,3cc9c161e2500e1e5520959a48a75dec756f811434029b6193063d5c37c01114,3cc9c161e2500e1e5520959a48a75dec756f811434029b6193063d5c37c01114,di_chuyen,author_synthetic,true,ai_draft,train
seed_di_chuyen_ve_phuong_tien_04,tpl_di_chuyen_ve_phuong_tien,eg_e592d91921241fd106c3eb143cd32e9bc49ae0fdf0d20cc1e425eef35a032ddc,tpl_di_chuyen_ve_phuong_tien,9c97e52357b1bdcda6dfe2443650d379292c7da85fd2395c37d3612c2c2c8a72,eb044ed08ae56f27fc141366fe337a5ce86f2b03bdf482d56c21fe45043f9911,f798d8e861692c2f09d4ee7502e021208b5ad2a2567a5f2aab8c120345e561f1,92adb459b93dde5a89f51341eb2dea6e6609f6d64d8762055771b54761042648,di_chuyen,author_synthetic,true,ai_draft,train
seed_di_chuyen_ve_phuong_tien_04_nd,tpl_di_chuyen_ve_phuong_tien,eg_e592d91921241fd106c3eb143cd32e9bc49ae0fdf0d20cc1e425eef35a032ddc,tpl_di_chuyen_ve_phuong_tien,9c97e52357b1bdcda6dfe2443650d379292c7da85fd2395c37d3612c2c2c8a72,eb044ed08ae56f27fc141366fe337a5ce86f2b03bdf482d56c21fe45043f9911,92adb459b93dde5a89f51341eb2dea6e6609f6d64d8762055771b54761042648,92adb459b93dde5a89f51341eb2dea6e6609f6d64d8762055771b54761042648,di_chuyen,author_synthetic,true,ai_draft,train
seed_di_chuyen_ve_phuong_tien_05,tpl_di_chuyen_ve_phuong_tien,eg_e592d91921241fd106c3eb143cd32e9bc49ae0fdf0d20cc1e425eef35a032ddc,tpl_di_chuyen_ve_phuong_tien,9c97e52357b1bdcda6dfe2443650d379292c7da85fd2395c37d3612c2c2c8a72,60539c544659d63998589e26bac1f71ab1cd3de30e8b22190de6c68603fad39e,9def7c0b5a635c1112d3a9a250fef11798140686bbc381e6ff40e1d4156a4c7d,ee9f1afb7ff4750ddff29ec926d243fe07d0a75be6e9a7c296adb9aaece20e49,di_chuyen,author_synthetic,true,ai_draft,train
seed_di_chuyen_ve_phuong_tien_05_nd,tpl_di_chuyen_ve_phuong_tien,eg_e592d91921241fd106c3eb143cd32e9bc49ae0fdf0d20cc1e425eef35a032ddc,tpl_di_chuyen_ve_phuong_tien,9c97e52357b1bdcda6dfe2443650d379292c7da85fd2395c37d3612c2c2c8a72,60539c544659d63998589e26bac1f71ab1cd3de30e8b22190de6c68603fad39e,ee9f1afb7ff4750ddff29ec926d243fe07d0a75be6e9a7c296adb9aaece20e49,ee9f1afb7ff4750ddff29ec926d243fe07d0a75be6e9a7c296adb9aaece20e49,di_chuyen,author_synthetic,true,ai_draft,train
seed_di_chuyen_xang_gui_xe_01,tpl_di_chuyen_xang_gui_xe,eg_3a18978e6ecffb6b802ba1651400fc6be67c3efb4e7649de6c0872b8fc07d442,tpl_di_chuyen_xang_gui_xe,97c65863e2c306621bda6220143a6f946f6be0ce5d39c6bb4f97ba3d2de17b22,a175c0bdff494ac143317a66b67390b1d355cca33889c54b0726e30842f8f0dc,00e0eb1c75dabd5e1f6338d308ea6e9e967a2d2868ab7330a46473d7ce92a441,437048231189ff70c15e02c2d4ad322ce1b6b7747c913330f3613ee3c2a36b61,di_chuyen,author_synthetic,true,ai_draft,train
seed_di_chuyen_xang_gui_xe_01_nd,tpl_di_chuyen_xang_gui_xe,eg_3a18978e6ecffb6b802ba1651400fc6be67c3efb4e7649de6c0872b8fc07d442,tpl_di_chuyen_xang_gui_xe,97c65863e2c306621bda6220143a6f946f6be0ce5d39c6bb4f97ba3d2de17b22,a175c0bdff494ac143317a66b67390b1d355cca33889c54b0726e30842f8f0dc,437048231189ff70c15e02c2d4ad322ce1b6b7747c913330f3613ee3c2a36b61,437048231189ff70c15e02c2d4ad322ce1b6b7747c913330f3613ee3c2a36b61,di_chuyen,author_synthetic,true,ai_draft,train
seed_di_chuyen_xang_gui_xe_02,tpl_di_chuyen_xang_gui_xe,eg_3a18978e6ecffb6b802ba1651400fc6be67c3efb4e7649de6c0872b8fc07d442,tpl_di_chuyen_xang_gui_xe,97c65863e2c306621bda6220143a6f946f6be0ce5d39c6bb4f97ba3d2de17b22,4cc45d88d6867b3a2243b7697994e519153750e776d84bd442f86fb93b997a21,e2e4d090c5f8e117503c1dd21ce50a5d306ff2c83b80c7a6032590e465a55c85,277059d9095551ab7e4b43ab1a58ab6f154c7cf4a2e54078dba4fc85f190dc36,di_chuyen,author_synthetic,true,ai_draft,train
seed_di_chuyen_xang_gui_xe_02_nd,tpl_di_chuyen_xang_gui_xe,eg_3a18978e6ecffb6b802ba1651400fc6be67c3efb4e7649de6c0872b8fc07d442,tpl_di_chuyen_xang_gui_xe,97c65863e2c306621bda6220143a6f946f6be0ce5d39c6bb4f97ba3d2de17b22,4cc45d88d6867b3a2243b7697994e519153750e776d84bd442f86fb93b997a21,277059d9095551ab7e4b43ab1a58ab6f154c7cf4a2e54078dba4fc85f190dc36,277059d9095551ab7e4b43ab1a58ab6f154c7cf4a2e54078dba4fc85f190dc36,di_chuyen,author_synthetic,true,ai_draft,train
seed_di_chuyen_xang_gui_xe_03,tpl_di_chuyen_xang_gui_xe,eg_3a18978e6ecffb6b802ba1651400fc6be67c3efb4e7649de6c0872b8fc07d442,tpl_di_chuyen_xang_gui_xe,97c65863e2c306621bda6220143a6f946f6be0ce5d39c6bb4f97ba3d2de17b22,37e79d7d2720908f817750cde564a393eac68194f765917c85a9ccb4c41d8545,88728442d5bb3ad6a6b3eca8df089f706c38514727a6b4d57769661dc7f41a57,96174c3c8ad54804990cf602541526a0c225c85ae50caae26ac933e7235c1343,di_chuyen,author_synthetic,true,ai_draft,train
seed_di_chuyen_xang_gui_xe_03_nd,tpl_di_chuyen_xang_gui_xe,eg_3a18978e6ecffb6b802ba1651400fc6be67c3efb4e7649de6c0872b8fc07d442,tpl_di_chuyen_xang_gui_xe,97c65863e2c306621bda6220143a6f946f6be0ce5d39c6bb4f97ba3d2de17b22,37e79d7d2720908f817750cde564a393eac68194f765917c85a9ccb4c41d8545,96174c3c8ad54804990cf602541526a0c225c85ae50caae26ac933e7235c1343,96174c3c8ad54804990cf602541526a0c225c85ae50caae26ac933e7235c1343,di_chuyen,author_synthetic,true,ai_draft,train
seed_di_chuyen_xang_gui_xe_04,tpl_di_chuyen_xang_gui_xe,eg_3a18978e6ecffb6b802ba1651400fc6be67c3efb4e7649de6c0872b8fc07d442,tpl_di_chuyen_xang_gui_xe,97c65863e2c306621bda6220143a6f946f6be0ce5d39c6bb4f97ba3d2de17b22,4b20db06c1ab04f944a532f8bbca0ac80e3c3250925bd300c04bf9cf1874167e,d0fa421e072936b351e6f3c82276d5988a69e107ff183ae180a412bcf2570535,4908c034b26d3e9ca0b3fc7ce203134b299b0a3b834fcecc992272038236d13b,di_chuyen,author_synthetic,true,ai_draft,train
seed_di_chuyen_xang_gui_xe_04_nd,tpl_di_chuyen_xang_gui_xe,eg_3a18978e6ecffb6b802ba1651400fc6be67c3efb4e7649de6c0872b8fc07d442,tpl_di_chuyen_xang_gui_xe,97c65863e2c306621bda6220143a6f946f6be0ce5d39c6bb4f97ba3d2de17b22,4b20db06c1ab04f944a532f8bbca0ac80e3c3250925bd300c04bf9cf1874167e,4908c034b26d3e9ca0b3fc7ce203134b299b0a3b834fcecc992272038236d13b,4908c034b26d3e9ca0b3fc7ce203134b299b0a3b834fcecc992272038236d13b,di_chuyen,author_synthetic,true,ai_draft,train
seed_di_chuyen_xang_gui_xe_05,tpl_di_chuyen_xang_gui_xe,eg_3a18978e6ecffb6b802ba1651400fc6be67c3efb4e7649de6c0872b8fc07d442,tpl_di_chuyen_xang_gui_xe,97c65863e2c306621bda6220143a6f946f6be0ce5d39c6bb4f97ba3d2de17b22,3fab95b1b977c1b64cc2ab0e17ac5f9cb6463410adc203601eaa68567d4efef1,b1f26ce0386d9c965819e0a13d660f246a5756cd75bc11a76d8986166ab6cf7e,b1f08393bd912d9f2f51b8253f9a8a0ab8669722674874c197d33a2a6aa6a747,di_chuyen,author_synthetic,true,ai_draft,train
seed_di_chuyen_xang_gui_xe_05_nd,tpl_di_chuyen_xang_gui_xe,eg_3a18978e6ecffb6b802ba1651400fc6be67c3efb4e7649de6c0872b8fc07d442,tpl_di_chuyen_xang_gui_xe,97c65863e2c306621bda6220143a6f946f6be0ce5d39c6bb4f97ba3d2de17b22,3fab95b1b977c1b64cc2ab0e17ac5f9cb6463410adc203601eaa68567d4efef1,b1f08393bd912d9f2f51b8253f9a8a0ab8669722674874c197d33a2a6aa6a747,b1f08393bd912d9f2f51b8253f9a8a0ab8669722674874c197d33a2a6aa6a747,di_chuyen,author_synthetic,true,ai_draft,train
seed_di_chuyen_xe_cong_nghe_01,tpl_di_chuyen_xe_cong_nghe,eg_291fc6419d36382e23392ffa91cb69ab709895763c9f04e5a3289346d7fae3c4,tpl_di_chuyen_xe_cong_nghe,941135720db3a41200ba56e39005f199028875f326ab3dde2d1a6ae5ab18b12c,e31c2907bc4f0c2a6ec0fb753a253e8be161a1b0fc84126e432a631cc52b3d22,41d3d63fe2d4c3fa4f5c06f72fd286a2deac1bbc03201c25da607cd7008f7815,24a83c6b581afb9cf8e5ca118ed7445c4573391c8aaf41106957a62ed6cd3a69,di_chuyen,author_synthetic,true,ai_draft,train
seed_di_chuyen_xe_cong_nghe_01_nd,tpl_di_chuyen_xe_cong_nghe,eg_291fc6419d36382e23392ffa91cb69ab709895763c9f04e5a3289346d7fae3c4,tpl_di_chuyen_xe_cong_nghe,941135720db3a41200ba56e39005f199028875f326ab3dde2d1a6ae5ab18b12c,e31c2907bc4f0c2a6ec0fb753a253e8be161a1b0fc84126e432a631cc52b3d22,24a83c6b581afb9cf8e5ca118ed7445c4573391c8aaf41106957a62ed6cd3a69,24a83c6b581afb9cf8e5ca118ed7445c4573391c8aaf41106957a62ed6cd3a69,di_chuyen,author_synthetic,true,ai_draft,train
seed_di_chuyen_xe_cong_nghe_02,tpl_di_chuyen_xe_cong_nghe,eg_291fc6419d36382e23392ffa91cb69ab709895763c9f04e5a3289346d7fae3c4,tpl_di_chuyen_xe_cong_nghe,941135720db3a41200ba56e39005f199028875f326ab3dde2d1a6ae5ab18b12c,080512b98edb6f40872e34e35d06bc0228ce83b78d9febbf8ecd1c370880b8f2,2ad36e86eb09c43bb6fb9a1d64316c1963e87a30410ed322857e6023dcc69488,6bbd7c0c536f10e830434c6904a16ed6484622686f099685a36cf4097f947786,di_chuyen,author_synthetic,true,ai_draft,train
seed_di_chuyen_xe_cong_nghe_02_nd,tpl_di_chuyen_xe_cong_nghe,eg_291fc6419d36382e23392ffa91cb69ab709895763c9f04e5a3289346d7fae3c4,tpl_di_chuyen_xe_cong_nghe,941135720db3a41200ba56e39005f199028875f326ab3dde2d1a6ae5ab18b12c,080512b98edb6f40872e34e35d06bc0228ce83b78d9febbf8ecd1c370880b8f2,6bbd7c0c536f10e830434c6904a16ed6484622686f099685a36cf4097f947786,6bbd7c0c536f10e830434c6904a16ed6484622686f099685a36cf4097f947786,di_chuyen,author_synthetic,true,ai_draft,train
seed_di_chuyen_xe_cong_nghe_03,tpl_di_chuyen_xe_cong_nghe,eg_291fc6419d36382e23392ffa91cb69ab709895763c9f04e5a3289346d7fae3c4,tpl_di_chuyen_xe_cong_nghe,941135720db3a41200ba56e39005f199028875f326ab3dde2d1a6ae5ab18b12c,b6d5aca6c1313feab29bc86eb63d81950f3f7caaae524192b0f1c5e133cb26a7,4f4ada8a7c4ca33b4ddaeb7a5249071fb3a37a357f3c7371120be171fa12d582,838158347fb20c869805b84011333c2536d40174d25b69fce6a545b2e523eab2,di_chuyen,author_synthetic,true,ai_draft,train
seed_di_chuyen_xe_cong_nghe_03_nd,tpl_di_chuyen_xe_cong_nghe,eg_291fc6419d36382e23392ffa91cb69ab709895763c9f04e5a3289346d7fae3c4,tpl_di_chuyen_xe_cong_nghe,941135720db3a41200ba56e39005f199028875f326ab3dde2d1a6ae5ab18b12c,b6d5aca6c1313feab29bc86eb63d81950f3f7caaae524192b0f1c5e133cb26a7,838158347fb20c869805b84011333c2536d40174d25b69fce6a545b2e523eab2,838158347fb20c869805b84011333c2536d40174d25b69fce6a545b2e523eab2,di_chuyen,author_synthetic,true,ai_draft,train
seed_di_chuyen_xe_cong_nghe_04,tpl_di_chuyen_xe_cong_nghe,eg_291fc6419d36382e23392ffa91cb69ab709895763c9f04e5a3289346d7fae3c4,tpl_di_chuyen_xe_cong_nghe,941135720db3a41200ba56e39005f199028875f326ab3dde2d1a6ae5ab18b12c,398b22a837f75631fa20794060e4a6c85e13c489d92df754e46c778761471a59,7fe52189f3a146c4c9cef562ad3b61774912725ae83d7217e3982873542e4aa7,12452d42d67dcd079f9aa4b2298f706c11781f098b0d6103887bc7997a0db110,di_chuyen,author_synthetic,true,ai_draft,train
seed_di_chuyen_xe_cong_nghe_04_nd,tpl_di_chuyen_xe_cong_nghe,eg_291fc6419d36382e23392ffa91cb69ab709895763c9f04e5a3289346d7fae3c4,tpl_di_chuyen_xe_cong_nghe,941135720db3a41200ba56e39005f199028875f326ab3dde2d1a6ae5ab18b12c,398b22a837f75631fa20794060e4a6c85e13c489d92df754e46c778761471a59,12452d42d67dcd079f9aa4b2298f706c11781f098b0d6103887bc7997a0db110,12452d42d67dcd079f9aa4b2298f706c11781f098b0d6103887bc7997a0db110,di_chuyen,author_synthetic,true,ai_draft,train
seed_di_chuyen_xe_cong_nghe_05,tpl_di_chuyen_xe_cong_nghe,eg_291fc6419d36382e23392ffa91cb69ab709895763c9f04e5a3289346d7fae3c4,tpl_di_chuyen_xe_cong_nghe,941135720db3a41200ba56e39005f199028875f326ab3dde2d1a6ae5ab18b12c,1fe28e32b520ca5dfa75fc75f6923769feac0e455c6a2053a960f1feceec6aae,a209c194f9bf924fbf21d06da28ff15b222fe1d6af572d4e3c386b8fa39604b5,5af94a773f9232c2e0504afdb13d5ce8cd489f1e4cb814de14f5d19cd0ebd127,di_chuyen,author_synthetic,true,ai_draft,train
seed_di_chuyen_xe_cong_nghe_05_nd,tpl_di_chuyen_xe_cong_nghe,eg_291fc6419d36382e23392ffa91cb69ab709895763c9f04e5a3289346d7fae3c4,tpl_di_chuyen_xe_cong_nghe,941135720db3a41200ba56e39005f199028875f326ab3dde2d1a6ae5ab18b12c,1fe28e32b520ca5dfa75fc75f6923769feac0e455c6a2053a960f1feceec6aae,5af94a773f9232c2e0504afdb13d5ce8cd489f1e4cb814de14f5d19cd0ebd127,5af94a773f9232c2e0504afdb13d5ce8cd489f1e4cb814de14f5d19cd0ebd127,di_chuyen,author_synthetic,true,ai_draft,train
seed_giai_tri_am_nhac_01,tpl_giai_tri_am_nhac,eg_de5cf7197639ff0f86b346c83e26cb45d6be2b92e77df07bda5a267b3e65f065,tpl_giai_tri_am_nhac,40fb6db627c8f2fb5e423fa293ac05c559f865f3684845fe0acda4cf7f236a69,b3b4a5bfedb13c2ffa63ec6897b8ba72fb7ca6b4058a81bda45dca7ea81c0428,a2f2bc3902eb809f4368a171df4deef37203709d215a1868782794c7eaa2e13f,3e2e51758228e8f387a357dedcd4f8d198e894dcb87708973662ae976a328683,giai_tri,author_synthetic,true,ai_draft,test
seed_giai_tri_am_nhac_01_nd,tpl_giai_tri_am_nhac,eg_de5cf7197639ff0f86b346c83e26cb45d6be2b92e77df07bda5a267b3e65f065,tpl_giai_tri_am_nhac,40fb6db627c8f2fb5e423fa293ac05c559f865f3684845fe0acda4cf7f236a69,b3b4a5bfedb13c2ffa63ec6897b8ba72fb7ca6b4058a81bda45dca7ea81c0428,3e2e51758228e8f387a357dedcd4f8d198e894dcb87708973662ae976a328683,3e2e51758228e8f387a357dedcd4f8d198e894dcb87708973662ae976a328683,giai_tri,author_synthetic,true,ai_draft,test
seed_giai_tri_am_nhac_02,tpl_giai_tri_am_nhac,eg_de5cf7197639ff0f86b346c83e26cb45d6be2b92e77df07bda5a267b3e65f065,tpl_giai_tri_am_nhac,40fb6db627c8f2fb5e423fa293ac05c559f865f3684845fe0acda4cf7f236a69,34d8d9e472e8aeb8c8c10969a9eb091bffa8d925bbfe802f0ad85d5a59d8c91f,c0be99a1379a1388eb1fe6260d4da8371873da0f4bc7f0fe5e30368a35591d87,2b643c63612034b3ec507311e2abca0b888fd1c24cc7779a33c26b8cf4fdb425,giai_tri,author_synthetic,true,ai_draft,test
seed_giai_tri_am_nhac_02_nd,tpl_giai_tri_am_nhac,eg_de5cf7197639ff0f86b346c83e26cb45d6be2b92e77df07bda5a267b3e65f065,tpl_giai_tri_am_nhac,40fb6db627c8f2fb5e423fa293ac05c559f865f3684845fe0acda4cf7f236a69,34d8d9e472e8aeb8c8c10969a9eb091bffa8d925bbfe802f0ad85d5a59d8c91f,2b643c63612034b3ec507311e2abca0b888fd1c24cc7779a33c26b8cf4fdb425,2b643c63612034b3ec507311e2abca0b888fd1c24cc7779a33c26b8cf4fdb425,giai_tri,author_synthetic,true,ai_draft,test
seed_giai_tri_am_nhac_03,tpl_giai_tri_am_nhac,eg_de5cf7197639ff0f86b346c83e26cb45d6be2b92e77df07bda5a267b3e65f065,tpl_giai_tri_am_nhac,40fb6db627c8f2fb5e423fa293ac05c559f865f3684845fe0acda4cf7f236a69,8fa99ab0f908bd73a61c86e8fd17fdcd5d027fa25d997836974a4abd0009fa9d,5117991a4c77b0c621361792037c6886319c10e6029331d33d8f20873debe437,54bb04c67567336c9c2a8ff039b3c44fcd50d1cc3b9c510df65950192d63f61d,giai_tri,author_synthetic,true,ai_draft,test
seed_giai_tri_am_nhac_03_nd,tpl_giai_tri_am_nhac,eg_de5cf7197639ff0f86b346c83e26cb45d6be2b92e77df07bda5a267b3e65f065,tpl_giai_tri_am_nhac,40fb6db627c8f2fb5e423fa293ac05c559f865f3684845fe0acda4cf7f236a69,8fa99ab0f908bd73a61c86e8fd17fdcd5d027fa25d997836974a4abd0009fa9d,54bb04c67567336c9c2a8ff039b3c44fcd50d1cc3b9c510df65950192d63f61d,54bb04c67567336c9c2a8ff039b3c44fcd50d1cc3b9c510df65950192d63f61d,giai_tri,author_synthetic,true,ai_draft,test
seed_giai_tri_am_nhac_04,tpl_giai_tri_am_nhac,eg_de5cf7197639ff0f86b346c83e26cb45d6be2b92e77df07bda5a267b3e65f065,tpl_giai_tri_am_nhac,40fb6db627c8f2fb5e423fa293ac05c559f865f3684845fe0acda4cf7f236a69,1ec4426666393d580e1ce61a69336afb962105e9a86484faaa553d12b859efbe,2f17ebdccee15ab175754270189815f8303a192228faa660e48940a1aefc7e6c,f088bb05f6f69fa5607f05781073faa4db8fd45b0a151be056175e7a595e364a,giai_tri,author_synthetic,true,ai_draft,test
seed_giai_tri_am_nhac_04_nd,tpl_giai_tri_am_nhac,eg_de5cf7197639ff0f86b346c83e26cb45d6be2b92e77df07bda5a267b3e65f065,tpl_giai_tri_am_nhac,40fb6db627c8f2fb5e423fa293ac05c559f865f3684845fe0acda4cf7f236a69,1ec4426666393d580e1ce61a69336afb962105e9a86484faaa553d12b859efbe,f088bb05f6f69fa5607f05781073faa4db8fd45b0a151be056175e7a595e364a,f088bb05f6f69fa5607f05781073faa4db8fd45b0a151be056175e7a595e364a,giai_tri,author_synthetic,true,ai_draft,test
seed_giai_tri_am_nhac_05,tpl_giai_tri_am_nhac,eg_de5cf7197639ff0f86b346c83e26cb45d6be2b92e77df07bda5a267b3e65f065,tpl_giai_tri_am_nhac,40fb6db627c8f2fb5e423fa293ac05c559f865f3684845fe0acda4cf7f236a69,abc56a31ee03a1309a4ae60259cc195a802589b36aad3ec73932d8c75a42f9e7,738ce5f5f6734cb7bf68514eedca87ddb88bfacc447083435625a9b6764c1feb,2f5dbfa1414186923c2aed52ad416300b700977eaa2e335c8075a07ac9f1824d,giai_tri,author_synthetic,true,ai_draft,test
seed_giai_tri_am_nhac_05_nd,tpl_giai_tri_am_nhac,eg_de5cf7197639ff0f86b346c83e26cb45d6be2b92e77df07bda5a267b3e65f065,tpl_giai_tri_am_nhac,40fb6db627c8f2fb5e423fa293ac05c559f865f3684845fe0acda4cf7f236a69,abc56a31ee03a1309a4ae60259cc195a802589b36aad3ec73932d8c75a42f9e7,2f5dbfa1414186923c2aed52ad416300b700977eaa2e335c8075a07ac9f1824d,2f5dbfa1414186923c2aed52ad416300b700977eaa2e335c8075a07ac9f1824d,giai_tri,author_synthetic,true,ai_draft,test
seed_giai_tri_doc_vui_01,tpl_giai_tri_doc_vui,eg_4937e2e50d02ac4ec7d48b1811b04e6b787553d0c83b657837200f220df3029d,tpl_giai_tri_doc_vui,af67ae1a7005c893675d7dfacc2b27ad5939070797f28d2b2aaad679b7be41ee,68a4e9f88c4a30bdd4e1a4a7bfdeca2a14c1c5e3f61dd38a535d91eb04dd31b4,90afa7780cec532a111f92581228c1f02c5128c462022fdc01aafcbc771f4b9c,e969547104829c5ff1997505c4586e36fec88eff975965b144238b91a9da31d8,giai_tri,author_synthetic,true,ai_draft,validation
seed_giai_tri_doc_vui_01_nd,tpl_giai_tri_doc_vui,eg_4937e2e50d02ac4ec7d48b1811b04e6b787553d0c83b657837200f220df3029d,tpl_giai_tri_doc_vui,af67ae1a7005c893675d7dfacc2b27ad5939070797f28d2b2aaad679b7be41ee,68a4e9f88c4a30bdd4e1a4a7bfdeca2a14c1c5e3f61dd38a535d91eb04dd31b4,e969547104829c5ff1997505c4586e36fec88eff975965b144238b91a9da31d8,e969547104829c5ff1997505c4586e36fec88eff975965b144238b91a9da31d8,giai_tri,author_synthetic,true,ai_draft,validation
seed_giai_tri_doc_vui_02,tpl_giai_tri_doc_vui,eg_4937e2e50d02ac4ec7d48b1811b04e6b787553d0c83b657837200f220df3029d,tpl_giai_tri_doc_vui,af67ae1a7005c893675d7dfacc2b27ad5939070797f28d2b2aaad679b7be41ee,d2a421d9584db23dee0d7aeab0ee0ef12e2e350bba0fbd1722b905bb86e46c01,5761c5cc3472aa3fccd60bb61ba086f26d860bd66d737235913df9303440a071,6d572fae76e5f9c239880b30495d14430114584c668624e34ef285e2fdd599c6,giai_tri,author_synthetic,true,ai_draft,validation
seed_giai_tri_doc_vui_02_nd,tpl_giai_tri_doc_vui,eg_4937e2e50d02ac4ec7d48b1811b04e6b787553d0c83b657837200f220df3029d,tpl_giai_tri_doc_vui,af67ae1a7005c893675d7dfacc2b27ad5939070797f28d2b2aaad679b7be41ee,d2a421d9584db23dee0d7aeab0ee0ef12e2e350bba0fbd1722b905bb86e46c01,6d572fae76e5f9c239880b30495d14430114584c668624e34ef285e2fdd599c6,6d572fae76e5f9c239880b30495d14430114584c668624e34ef285e2fdd599c6,giai_tri,author_synthetic,true,ai_draft,validation
seed_giai_tri_doc_vui_03,tpl_giai_tri_doc_vui,eg_4937e2e50d02ac4ec7d48b1811b04e6b787553d0c83b657837200f220df3029d,tpl_giai_tri_doc_vui,af67ae1a7005c893675d7dfacc2b27ad5939070797f28d2b2aaad679b7be41ee,71752dc4aec02a5e058d396210728fd80cf73aca4b5b1ce2408792129b438f38,eabe16c1818b58e604efbc8aa257bec4787c87e5dbecaf3d650151927b73ee40,efd5e6458abde4a75eef8d359d192751f84eb8d837575c198a21f5c80f38adf6,giai_tri,author_synthetic,true,ai_draft,validation
seed_giai_tri_doc_vui_03_nd,tpl_giai_tri_doc_vui,eg_4937e2e50d02ac4ec7d48b1811b04e6b787553d0c83b657837200f220df3029d,tpl_giai_tri_doc_vui,af67ae1a7005c893675d7dfacc2b27ad5939070797f28d2b2aaad679b7be41ee,71752dc4aec02a5e058d396210728fd80cf73aca4b5b1ce2408792129b438f38,efd5e6458abde4a75eef8d359d192751f84eb8d837575c198a21f5c80f38adf6,efd5e6458abde4a75eef8d359d192751f84eb8d837575c198a21f5c80f38adf6,giai_tri,author_synthetic,true,ai_draft,validation
seed_giai_tri_doc_vui_04,tpl_giai_tri_doc_vui,eg_4937e2e50d02ac4ec7d48b1811b04e6b787553d0c83b657837200f220df3029d,tpl_giai_tri_doc_vui,af67ae1a7005c893675d7dfacc2b27ad5939070797f28d2b2aaad679b7be41ee,b8242d8b0b5001e31a65f602f3df4ee5d562be699882860368c864b9a0cbceb3,f1625c5206c6a828b1592a3cd1e2ab11f23b13186793a7c89f4d97b8ece30f43,64cf5b7609fdb005d9e48fd4412a2de2139dc9fad348602b0bfadcaf27760113,giai_tri,author_synthetic,true,ai_draft,validation
seed_giai_tri_doc_vui_04_nd,tpl_giai_tri_doc_vui,eg_4937e2e50d02ac4ec7d48b1811b04e6b787553d0c83b657837200f220df3029d,tpl_giai_tri_doc_vui,af67ae1a7005c893675d7dfacc2b27ad5939070797f28d2b2aaad679b7be41ee,b8242d8b0b5001e31a65f602f3df4ee5d562be699882860368c864b9a0cbceb3,64cf5b7609fdb005d9e48fd4412a2de2139dc9fad348602b0bfadcaf27760113,64cf5b7609fdb005d9e48fd4412a2de2139dc9fad348602b0bfadcaf27760113,giai_tri,author_synthetic,true,ai_draft,validation
seed_giai_tri_doc_vui_05,tpl_giai_tri_doc_vui,eg_4937e2e50d02ac4ec7d48b1811b04e6b787553d0c83b657837200f220df3029d,tpl_giai_tri_doc_vui,af67ae1a7005c893675d7dfacc2b27ad5939070797f28d2b2aaad679b7be41ee,f8331dec63f8882a1188a63c66a385264636c95bf4f27e1eaad5c7b6be2e4e6e,1164adaab9c6eb9ecfcd76764ec2a9021ee9a0bea9037e1c479564095df19073,b36f0a65736026e784fffbf00b843944c223c4b0fd961312a1082db12303bb38,giai_tri,author_synthetic,true,ai_draft,validation
seed_giai_tri_doc_vui_05_nd,tpl_giai_tri_doc_vui,eg_4937e2e50d02ac4ec7d48b1811b04e6b787553d0c83b657837200f220df3029d,tpl_giai_tri_doc_vui,af67ae1a7005c893675d7dfacc2b27ad5939070797f28d2b2aaad679b7be41ee,f8331dec63f8882a1188a63c66a385264636c95bf4f27e1eaad5c7b6be2e4e6e,b36f0a65736026e784fffbf00b843944c223c4b0fd961312a1082db12303bb38,b36f0a65736026e784fffbf00b843944c223c4b0fd961312a1082db12303bb38,giai_tri,author_synthetic,true,ai_draft,validation
seed_giai_tri_tro_choi_01,tpl_giai_tri_tro_choi,eg_e698ae78c3dbfc9252b11d44d54803b7fd1237c9f6ebc67f00de8bb372f26649,tpl_giai_tri_tro_choi,231fb6aa7c8eea14acfb0ba93b2f59d0274aac94fab36349239c4072fcd49a33,901254c62bd43c6e6622b29ab0111235b050b36c75124aaed576683349695df3,dff9bc8ff8b7008c99f1edaa3f9c22b96c7266e0438f06f9a06bf0a33aa4d045,b1fdf537d9da62e2510204aecc68c9bd5e27a7c5b31affb470950560a82352d1,giai_tri,author_synthetic,true,ai_draft,train
seed_giai_tri_tro_choi_01_nd,tpl_giai_tri_tro_choi,eg_e698ae78c3dbfc9252b11d44d54803b7fd1237c9f6ebc67f00de8bb372f26649,tpl_giai_tri_tro_choi,231fb6aa7c8eea14acfb0ba93b2f59d0274aac94fab36349239c4072fcd49a33,901254c62bd43c6e6622b29ab0111235b050b36c75124aaed576683349695df3,b1fdf537d9da62e2510204aecc68c9bd5e27a7c5b31affb470950560a82352d1,b1fdf537d9da62e2510204aecc68c9bd5e27a7c5b31affb470950560a82352d1,giai_tri,author_synthetic,true,ai_draft,train
seed_giai_tri_tro_choi_02,tpl_giai_tri_tro_choi,eg_e698ae78c3dbfc9252b11d44d54803b7fd1237c9f6ebc67f00de8bb372f26649,tpl_giai_tri_tro_choi,231fb6aa7c8eea14acfb0ba93b2f59d0274aac94fab36349239c4072fcd49a33,e8adfe0df4c0ad70a1466d662167d47b12b57ea2fff03108dd09021dbb19c073,a1f0f8d6b5bf39c92be79745f589e81773f09ce3e29d197b5c0a7f55d52348de,8286974065111d0b32fba520defaba58a18ed9fd57b4746d1674f5ac48e3b229,giai_tri,author_synthetic,true,ai_draft,train
seed_giai_tri_tro_choi_02_nd,tpl_giai_tri_tro_choi,eg_e698ae78c3dbfc9252b11d44d54803b7fd1237c9f6ebc67f00de8bb372f26649,tpl_giai_tri_tro_choi,231fb6aa7c8eea14acfb0ba93b2f59d0274aac94fab36349239c4072fcd49a33,e8adfe0df4c0ad70a1466d662167d47b12b57ea2fff03108dd09021dbb19c073,8286974065111d0b32fba520defaba58a18ed9fd57b4746d1674f5ac48e3b229,8286974065111d0b32fba520defaba58a18ed9fd57b4746d1674f5ac48e3b229,giai_tri,author_synthetic,true,ai_draft,train
seed_giai_tri_tro_choi_03,tpl_giai_tri_tro_choi,eg_e698ae78c3dbfc9252b11d44d54803b7fd1237c9f6ebc67f00de8bb372f26649,tpl_giai_tri_tro_choi,231fb6aa7c8eea14acfb0ba93b2f59d0274aac94fab36349239c4072fcd49a33,f7cbd0ecbf8dffcea4cc554c8ad1b3694551c13841f36d6faa1360ce3065b392,1730ae9f0f45eea497d85830147c6cb6dbfcaa62b232b45df1f57bb68340b585,33ec4cdc3f34235acb7b6ff577c32486c3c4063ae4ae7bc9f8f74df16d39e842,giai_tri,author_synthetic,true,ai_draft,train
seed_giai_tri_tro_choi_03_nd,tpl_giai_tri_tro_choi,eg_e698ae78c3dbfc9252b11d44d54803b7fd1237c9f6ebc67f00de8bb372f26649,tpl_giai_tri_tro_choi,231fb6aa7c8eea14acfb0ba93b2f59d0274aac94fab36349239c4072fcd49a33,f7cbd0ecbf8dffcea4cc554c8ad1b3694551c13841f36d6faa1360ce3065b392,33ec4cdc3f34235acb7b6ff577c32486c3c4063ae4ae7bc9f8f74df16d39e842,33ec4cdc3f34235acb7b6ff577c32486c3c4063ae4ae7bc9f8f74df16d39e842,giai_tri,author_synthetic,true,ai_draft,train
seed_giai_tri_tro_choi_04,tpl_giai_tri_tro_choi,eg_e698ae78c3dbfc9252b11d44d54803b7fd1237c9f6ebc67f00de8bb372f26649,tpl_giai_tri_tro_choi,231fb6aa7c8eea14acfb0ba93b2f59d0274aac94fab36349239c4072fcd49a33,e68d02e3af1f83315e94796de05f4ab19096f43245bfa9db0a8082ec632427e6,3ec6d438f8386541364dce7b73d8e52742e18d92e04c0cb700daba63cdea0c21,19d9c4e0e4d2cdf3b8d58d1a7340ea7d725221441936c776c12897d1ba0fe28c,giai_tri,author_synthetic,true,ai_draft,train
seed_giai_tri_tro_choi_04_nd,tpl_giai_tri_tro_choi,eg_e698ae78c3dbfc9252b11d44d54803b7fd1237c9f6ebc67f00de8bb372f26649,tpl_giai_tri_tro_choi,231fb6aa7c8eea14acfb0ba93b2f59d0274aac94fab36349239c4072fcd49a33,e68d02e3af1f83315e94796de05f4ab19096f43245bfa9db0a8082ec632427e6,19d9c4e0e4d2cdf3b8d58d1a7340ea7d725221441936c776c12897d1ba0fe28c,19d9c4e0e4d2cdf3b8d58d1a7340ea7d725221441936c776c12897d1ba0fe28c,giai_tri,author_synthetic,true,ai_draft,train
seed_giai_tri_tro_choi_05,tpl_giai_tri_tro_choi,eg_e698ae78c3dbfc9252b11d44d54803b7fd1237c9f6ebc67f00de8bb372f26649,tpl_giai_tri_tro_choi,231fb6aa7c8eea14acfb0ba93b2f59d0274aac94fab36349239c4072fcd49a33,736545f198e41bfe19d114d95f789230f4723a496b09a67e10302a06873f9edf,2bfc325d4777b81d37fe42eda5c4e8d74c89864f258f9420207be894435f9be5,59a9560262063416598013fd8584d83589386e892114d4f2ef0ed898f22dc479,giai_tri,author_synthetic,true,ai_draft,train
seed_giai_tri_tro_choi_05_nd,tpl_giai_tri_tro_choi,eg_e698ae78c3dbfc9252b11d44d54803b7fd1237c9f6ebc67f00de8bb372f26649,tpl_giai_tri_tro_choi,231fb6aa7c8eea14acfb0ba93b2f59d0274aac94fab36349239c4072fcd49a33,736545f198e41bfe19d114d95f789230f4723a496b09a67e10302a06873f9edf,59a9560262063416598013fd8584d83589386e892114d4f2ef0ed898f22dc479,59a9560262063416598013fd8584d83589386e892114d4f2ef0ed898f22dc479,giai_tri,author_synthetic,true,ai_draft,train
seed_giai_tri_xem_phim_01,tpl_giai_tri_xem_phim,eg_e698ae78c3dbfc9252b11d44d54803b7fd1237c9f6ebc67f00de8bb372f26649,tpl_giai_tri_xem_phim,f5dd218268d9d6d77cd195466cafaac0e1fd85a33214651dcba95f522802bb76,131d58aae8cb1a38a8fe470d030cb51705ea0a796e9dcccfd04150d0877bd137,0414ba6dcf9e4a401b4727e2a8021bfecfbff049d05d1eddb98bc80194b04d79,ff8cdad5bde0407ef521c7a2eb5d1a7b599d6aaed09cb649174a91d8e6079599,giai_tri,author_synthetic,true,ai_draft,train
seed_giai_tri_xem_phim_01_nd,tpl_giai_tri_xem_phim,eg_e698ae78c3dbfc9252b11d44d54803b7fd1237c9f6ebc67f00de8bb372f26649,tpl_giai_tri_xem_phim,f5dd218268d9d6d77cd195466cafaac0e1fd85a33214651dcba95f522802bb76,131d58aae8cb1a38a8fe470d030cb51705ea0a796e9dcccfd04150d0877bd137,ff8cdad5bde0407ef521c7a2eb5d1a7b599d6aaed09cb649174a91d8e6079599,ff8cdad5bde0407ef521c7a2eb5d1a7b599d6aaed09cb649174a91d8e6079599,giai_tri,author_synthetic,true,ai_draft,train
seed_giai_tri_xem_phim_02,tpl_giai_tri_xem_phim,eg_e698ae78c3dbfc9252b11d44d54803b7fd1237c9f6ebc67f00de8bb372f26649,tpl_giai_tri_xem_phim,f5dd218268d9d6d77cd195466cafaac0e1fd85a33214651dcba95f522802bb76,335783dcc368abe2a1fa6ae3e264298f9dc31428a23b97802142c584d26fc19d,3412a882be6e6cc2b17d999e53ffe4ebe4f4cd347fc36bae456ab9b8fb13d3fe,c3e027aa069811c64ed1c6750078145094ba728adfd4da9d6c3b8a8fead3861c,giai_tri,author_synthetic,true,ai_draft,train
seed_giai_tri_xem_phim_02_nd,tpl_giai_tri_xem_phim,eg_e698ae78c3dbfc9252b11d44d54803b7fd1237c9f6ebc67f00de8bb372f26649,tpl_giai_tri_xem_phim,f5dd218268d9d6d77cd195466cafaac0e1fd85a33214651dcba95f522802bb76,335783dcc368abe2a1fa6ae3e264298f9dc31428a23b97802142c584d26fc19d,c3e027aa069811c64ed1c6750078145094ba728adfd4da9d6c3b8a8fead3861c,c3e027aa069811c64ed1c6750078145094ba728adfd4da9d6c3b8a8fead3861c,giai_tri,author_synthetic,true,ai_draft,train
seed_giai_tri_xem_phim_03,tpl_giai_tri_xem_phim,eg_e698ae78c3dbfc9252b11d44d54803b7fd1237c9f6ebc67f00de8bb372f26649,tpl_giai_tri_xem_phim,f5dd218268d9d6d77cd195466cafaac0e1fd85a33214651dcba95f522802bb76,26ffb854052c3b88c17cb3c722e2e4d3bbc13e918f86b5378a3d220e7f34d45c,bfcda399714010ccdf2fe630d95c31797946296ce9024d34612c384e5d4060f1,1e547dbceb8d1e078fc0ae44a575687963ab6f0fba6a6fe3fa9a77d08d7cabdc,giai_tri,author_synthetic,true,ai_draft,train
seed_giai_tri_xem_phim_03_nd,tpl_giai_tri_xem_phim,eg_e698ae78c3dbfc9252b11d44d54803b7fd1237c9f6ebc67f00de8bb372f26649,tpl_giai_tri_xem_phim,f5dd218268d9d6d77cd195466cafaac0e1fd85a33214651dcba95f522802bb76,26ffb854052c3b88c17cb3c722e2e4d3bbc13e918f86b5378a3d220e7f34d45c,1e547dbceb8d1e078fc0ae44a575687963ab6f0fba6a6fe3fa9a77d08d7cabdc,1e547dbceb8d1e078fc0ae44a575687963ab6f0fba6a6fe3fa9a77d08d7cabdc,giai_tri,author_synthetic,true,ai_draft,train
seed_giai_tri_xem_phim_04,tpl_giai_tri_xem_phim,eg_e698ae78c3dbfc9252b11d44d54803b7fd1237c9f6ebc67f00de8bb372f26649,tpl_giai_tri_xem_phim,f5dd218268d9d6d77cd195466cafaac0e1fd85a33214651dcba95f522802bb76,60df40b6b0afe6c5358410fe33ab95b0e5e9898fdd3fdd6f70f882aded16a54a,24e771699d8bde98ab74ccb8bc493f4badb84b8a502f32ca20c6920d6ff8974a,41d60b9a44258037ffb1f70b48fa2adbab861497bae22bef0be5f15a84564e99,giai_tri,author_synthetic,true,ai_draft,train
seed_giai_tri_xem_phim_04_nd,tpl_giai_tri_xem_phim,eg_e698ae78c3dbfc9252b11d44d54803b7fd1237c9f6ebc67f00de8bb372f26649,tpl_giai_tri_xem_phim,f5dd218268d9d6d77cd195466cafaac0e1fd85a33214651dcba95f522802bb76,60df40b6b0afe6c5358410fe33ab95b0e5e9898fdd3fdd6f70f882aded16a54a,41d60b9a44258037ffb1f70b48fa2adbab861497bae22bef0be5f15a84564e99,41d60b9a44258037ffb1f70b48fa2adbab861497bae22bef0be5f15a84564e99,giai_tri,author_synthetic,true,ai_draft,train
seed_giai_tri_xem_phim_05,tpl_giai_tri_xem_phim,eg_e698ae78c3dbfc9252b11d44d54803b7fd1237c9f6ebc67f00de8bb372f26649,tpl_giai_tri_xem_phim,f5dd218268d9d6d77cd195466cafaac0e1fd85a33214651dcba95f522802bb76,b4a887ac041737fe8b42aa97fe05dfeb6bd00826d78cf1d26d937e1be68f4140,1d916c0115676191ba193977505c9a5c1c58b05f36d4185dd3528bdede773d22,5d1a86ce04456308d0cc7281f44c2ed1f0c1230aecf200af2ac030361a409100,giai_tri,author_synthetic,true,ai_draft,train
seed_giai_tri_xem_phim_05_nd,tpl_giai_tri_xem_phim,eg_e698ae78c3dbfc9252b11d44d54803b7fd1237c9f6ebc67f00de8bb372f26649,tpl_giai_tri_xem_phim,f5dd218268d9d6d77cd195466cafaac0e1fd85a33214651dcba95f522802bb76,b4a887ac041737fe8b42aa97fe05dfeb6bd00826d78cf1d26d937e1be68f4140,5d1a86ce04456308d0cc7281f44c2ed1f0c1230aecf200af2ac030361a409100,5d1a86ce04456308d0cc7281f44c2ed1f0c1230aecf200af2ac030361a409100,giai_tri,author_synthetic,true,ai_draft,train
seed_hoc_tap_dung_cu_01,tpl_hoc_tap_dung_cu,eg_0bb8a59fe5d9d0a9305ac5eca7c80b50fafb84d4bf939ff5daf14a07d0aae55a,tpl_hoc_tap_dung_cu,c341e879abd9932fc9d80db094416b46c7d685309ca386ed427587c9d5a153f1,b93401c393b151f7941bc6d947e16e047abfc42e21029244927974ab116e9990,4b8261c637ee55936e2bbc63e9e4816347d92660964037925c951e7d08009e90,675163664b6a6f074b0b8236ff3862a958953b45fcfc271df93b321cc3e2a629,hoc_tap,author_synthetic,true,ai_draft,train
seed_hoc_tap_dung_cu_01_nd,tpl_hoc_tap_dung_cu,eg_0bb8a59fe5d9d0a9305ac5eca7c80b50fafb84d4bf939ff5daf14a07d0aae55a,tpl_hoc_tap_dung_cu,c341e879abd9932fc9d80db094416b46c7d685309ca386ed427587c9d5a153f1,b93401c393b151f7941bc6d947e16e047abfc42e21029244927974ab116e9990,675163664b6a6f074b0b8236ff3862a958953b45fcfc271df93b321cc3e2a629,675163664b6a6f074b0b8236ff3862a958953b45fcfc271df93b321cc3e2a629,hoc_tap,author_synthetic,true,ai_draft,train
seed_hoc_tap_dung_cu_02,tpl_hoc_tap_dung_cu,eg_0bb8a59fe5d9d0a9305ac5eca7c80b50fafb84d4bf939ff5daf14a07d0aae55a,tpl_hoc_tap_dung_cu,c341e879abd9932fc9d80db094416b46c7d685309ca386ed427587c9d5a153f1,cf60231ab5f5bb7119796cdfbf6cd0438f602d2dc77d7e1b7b0f1d275ca28cab,17223dfb47544d9f0f195f53dd3246f98d3dc97d97933b43337182438607c92f,b5acf2e46e90c6d55d14db3c5be2805aa70dc724cbeac70e0eb2374a9a062d53,hoc_tap,author_synthetic,true,ai_draft,train
seed_hoc_tap_dung_cu_02_nd,tpl_hoc_tap_dung_cu,eg_0bb8a59fe5d9d0a9305ac5eca7c80b50fafb84d4bf939ff5daf14a07d0aae55a,tpl_hoc_tap_dung_cu,c341e879abd9932fc9d80db094416b46c7d685309ca386ed427587c9d5a153f1,cf60231ab5f5bb7119796cdfbf6cd0438f602d2dc77d7e1b7b0f1d275ca28cab,b5acf2e46e90c6d55d14db3c5be2805aa70dc724cbeac70e0eb2374a9a062d53,b5acf2e46e90c6d55d14db3c5be2805aa70dc724cbeac70e0eb2374a9a062d53,hoc_tap,author_synthetic,true,ai_draft,train
seed_hoc_tap_dung_cu_03,tpl_hoc_tap_dung_cu,eg_0bb8a59fe5d9d0a9305ac5eca7c80b50fafb84d4bf939ff5daf14a07d0aae55a,tpl_hoc_tap_dung_cu,c341e879abd9932fc9d80db094416b46c7d685309ca386ed427587c9d5a153f1,12840d1b0f34f92fff46ab1f458799c8bd7a6f5e734a6b3c28b658be63f492ba,da72748ebb77c1087f4e49b35d2888cbf378c902f0f6e53a88348f6797c19560,306e7994d2e430815e3999dfb8f2e0d51dbd770963bab013c24b367753e42c61,hoc_tap,author_synthetic,true,ai_draft,train
seed_hoc_tap_dung_cu_03_nd,tpl_hoc_tap_dung_cu,eg_0bb8a59fe5d9d0a9305ac5eca7c80b50fafb84d4bf939ff5daf14a07d0aae55a,tpl_hoc_tap_dung_cu,c341e879abd9932fc9d80db094416b46c7d685309ca386ed427587c9d5a153f1,12840d1b0f34f92fff46ab1f458799c8bd7a6f5e734a6b3c28b658be63f492ba,306e7994d2e430815e3999dfb8f2e0d51dbd770963bab013c24b367753e42c61,306e7994d2e430815e3999dfb8f2e0d51dbd770963bab013c24b367753e42c61,hoc_tap,author_synthetic,true,ai_draft,train
seed_hoc_tap_dung_cu_04,tpl_hoc_tap_dung_cu,eg_0bb8a59fe5d9d0a9305ac5eca7c80b50fafb84d4bf939ff5daf14a07d0aae55a,tpl_hoc_tap_dung_cu,c341e879abd9932fc9d80db094416b46c7d685309ca386ed427587c9d5a153f1,d3d18fb46972af26310b2bd3b1fe40f7a10a1533a2aa136fb1bb025807fdcfa4,b34810c85e38dd79c4dbefd3de03eb15efae02acbc7d74ef1484dbcd89aa2504,4aaf4d770f3b084bbb55faef082a96ec244fcea3fc00c7283dc8f7cf450bf6fd,hoc_tap,author_synthetic,true,ai_draft,train
seed_hoc_tap_dung_cu_04_nd,tpl_hoc_tap_dung_cu,eg_0bb8a59fe5d9d0a9305ac5eca7c80b50fafb84d4bf939ff5daf14a07d0aae55a,tpl_hoc_tap_dung_cu,c341e879abd9932fc9d80db094416b46c7d685309ca386ed427587c9d5a153f1,d3d18fb46972af26310b2bd3b1fe40f7a10a1533a2aa136fb1bb025807fdcfa4,4aaf4d770f3b084bbb55faef082a96ec244fcea3fc00c7283dc8f7cf450bf6fd,4aaf4d770f3b084bbb55faef082a96ec244fcea3fc00c7283dc8f7cf450bf6fd,hoc_tap,author_synthetic,true,ai_draft,train
seed_hoc_tap_dung_cu_05,tpl_hoc_tap_dung_cu,eg_0bb8a59fe5d9d0a9305ac5eca7c80b50fafb84d4bf939ff5daf14a07d0aae55a,tpl_hoc_tap_dung_cu,c341e879abd9932fc9d80db094416b46c7d685309ca386ed427587c9d5a153f1,0cdeae71085d96167411350a5882a4509e348494f16331cd5040100f65e51912,14dc537e13efbf13f620545020a3b61b1db936997eadc72404c556c3979e14b1,793b294dab2cc1ab16e9d15370c02b73ee524e592ea700c76b79d0d44b3910cd,hoc_tap,author_synthetic,true,ai_draft,train
seed_hoc_tap_dung_cu_05_nd,tpl_hoc_tap_dung_cu,eg_0bb8a59fe5d9d0a9305ac5eca7c80b50fafb84d4bf939ff5daf14a07d0aae55a,tpl_hoc_tap_dung_cu,c341e879abd9932fc9d80db094416b46c7d685309ca386ed427587c9d5a153f1,0cdeae71085d96167411350a5882a4509e348494f16331cd5040100f65e51912,793b294dab2cc1ab16e9d15370c02b73ee524e592ea700c76b79d0d44b3910cd,793b294dab2cc1ab16e9d15370c02b73ee524e592ea700c76b79d0d44b3910cd,hoc_tap,author_synthetic,true,ai_draft,train
seed_hoc_tap_hoat_dong_hoc_01,tpl_hoc_tap_hoat_dong_hoc,eg_0d4099c60983ebfde4e7bc347b27c407bc5a255f6264c2b084a98d02d244eff5,tpl_hoc_tap_hoat_dong_hoc,c2d9d2e691c04ca0c2cdb51b7d403a5539065cd6ff56b2a7b6b24b97375876a3,ae12de6d9f65bd88d777e5823e5709602a63a43891da906f56877d2550545ad8,550311cd4c7c137ccc4cf5393704feef72f15a79facd4b3532a573f414d1c105,b347c0d48a8c012f7ac6286c067f6c6456d79d52f297e9409ee0e8506b56fe0a,hoc_tap,author_synthetic,true,ai_draft,train
seed_hoc_tap_hoat_dong_hoc_01_nd,tpl_hoc_tap_hoat_dong_hoc,eg_0d4099c60983ebfde4e7bc347b27c407bc5a255f6264c2b084a98d02d244eff5,tpl_hoc_tap_hoat_dong_hoc,c2d9d2e691c04ca0c2cdb51b7d403a5539065cd6ff56b2a7b6b24b97375876a3,ae12de6d9f65bd88d777e5823e5709602a63a43891da906f56877d2550545ad8,b347c0d48a8c012f7ac6286c067f6c6456d79d52f297e9409ee0e8506b56fe0a,b347c0d48a8c012f7ac6286c067f6c6456d79d52f297e9409ee0e8506b56fe0a,hoc_tap,author_synthetic,true,ai_draft,train
seed_hoc_tap_hoat_dong_hoc_02,tpl_hoc_tap_hoat_dong_hoc,eg_0d4099c60983ebfde4e7bc347b27c407bc5a255f6264c2b084a98d02d244eff5,tpl_hoc_tap_hoat_dong_hoc,c2d9d2e691c04ca0c2cdb51b7d403a5539065cd6ff56b2a7b6b24b97375876a3,2608d890d274547a628c5b418d1e630f2e88c2326ed143e4889f0b07a42f6cfe,6e680f2d64905fc1cdb606817f1e6e4d082b2064b31c4ef16025797cdce099cc,87a64647c7ec4ac1846c4995f81e1494aa94ef204a9f3e5703e5cb85f0acbc55,hoc_tap,author_synthetic,true,ai_draft,train
seed_hoc_tap_hoat_dong_hoc_02_nd,tpl_hoc_tap_hoat_dong_hoc,eg_0d4099c60983ebfde4e7bc347b27c407bc5a255f6264c2b084a98d02d244eff5,tpl_hoc_tap_hoat_dong_hoc,c2d9d2e691c04ca0c2cdb51b7d403a5539065cd6ff56b2a7b6b24b97375876a3,2608d890d274547a628c5b418d1e630f2e88c2326ed143e4889f0b07a42f6cfe,87a64647c7ec4ac1846c4995f81e1494aa94ef204a9f3e5703e5cb85f0acbc55,87a64647c7ec4ac1846c4995f81e1494aa94ef204a9f3e5703e5cb85f0acbc55,hoc_tap,author_synthetic,true,ai_draft,train
seed_hoc_tap_hoat_dong_hoc_03,tpl_hoc_tap_hoat_dong_hoc,eg_0d4099c60983ebfde4e7bc347b27c407bc5a255f6264c2b084a98d02d244eff5,tpl_hoc_tap_hoat_dong_hoc,c2d9d2e691c04ca0c2cdb51b7d403a5539065cd6ff56b2a7b6b24b97375876a3,75ac5bb20208824b43763c3427f94001e212c7346c07fa115081515288499327,9908deedd35b1523080a8e6511e996a115302bdd2dedc5be212631929843e1ce,2285e137ba284f98ef3deb3ccd4d08efe5a2e91888deb4717f989b87d21aee78,hoc_tap,author_synthetic,true,ai_draft,train
seed_hoc_tap_hoat_dong_hoc_03_nd,tpl_hoc_tap_hoat_dong_hoc,eg_0d4099c60983ebfde4e7bc347b27c407bc5a255f6264c2b084a98d02d244eff5,tpl_hoc_tap_hoat_dong_hoc,c2d9d2e691c04ca0c2cdb51b7d403a5539065cd6ff56b2a7b6b24b97375876a3,75ac5bb20208824b43763c3427f94001e212c7346c07fa115081515288499327,2285e137ba284f98ef3deb3ccd4d08efe5a2e91888deb4717f989b87d21aee78,2285e137ba284f98ef3deb3ccd4d08efe5a2e91888deb4717f989b87d21aee78,hoc_tap,author_synthetic,true,ai_draft,train
seed_hoc_tap_hoat_dong_hoc_04,tpl_hoc_tap_hoat_dong_hoc,eg_0d4099c60983ebfde4e7bc347b27c407bc5a255f6264c2b084a98d02d244eff5,tpl_hoc_tap_hoat_dong_hoc,c2d9d2e691c04ca0c2cdb51b7d403a5539065cd6ff56b2a7b6b24b97375876a3,b63214a7bcbc2c7cc8a7b92b65448495e2ec224cb8a6b1cf859ff6bbd20f869c,98d4123649a42ae4e169aef14802ece4f5151d9ec405028aefc69dd4d90f13b4,d321929f490452e6bade868982cc1339f865add8123bb37e4acab59a8d5d9c1e,hoc_tap,author_synthetic,true,ai_draft,train
seed_hoc_tap_hoat_dong_hoc_04_nd,tpl_hoc_tap_hoat_dong_hoc,eg_0d4099c60983ebfde4e7bc347b27c407bc5a255f6264c2b084a98d02d244eff5,tpl_hoc_tap_hoat_dong_hoc,c2d9d2e691c04ca0c2cdb51b7d403a5539065cd6ff56b2a7b6b24b97375876a3,b63214a7bcbc2c7cc8a7b92b65448495e2ec224cb8a6b1cf859ff6bbd20f869c,d321929f490452e6bade868982cc1339f865add8123bb37e4acab59a8d5d9c1e,d321929f490452e6bade868982cc1339f865add8123bb37e4acab59a8d5d9c1e,hoc_tap,author_synthetic,true,ai_draft,train
seed_hoc_tap_hoat_dong_hoc_05,tpl_hoc_tap_hoat_dong_hoc,eg_0d4099c60983ebfde4e7bc347b27c407bc5a255f6264c2b084a98d02d244eff5,tpl_hoc_tap_hoat_dong_hoc,c2d9d2e691c04ca0c2cdb51b7d403a5539065cd6ff56b2a7b6b24b97375876a3,d1e71351f357a7f43e63ab87480905581d24972b94f32b8263d25c4b0b0cc699,c3feca74f561c2533b2101f390478118091efb6926c2bd3371b2d8a92d452d34,55cbc280ecf924ac6963d16b37218a60f3562f4c4eeedc7190023ee98f451316,hoc_tap,author_synthetic,true,ai_draft,train
seed_hoc_tap_hoat_dong_hoc_05_nd,tpl_hoc_tap_hoat_dong_hoc,eg_0d4099c60983ebfde4e7bc347b27c407bc5a255f6264c2b084a98d02d244eff5,tpl_hoc_tap_hoat_dong_hoc,c2d9d2e691c04ca0c2cdb51b7d403a5539065cd6ff56b2a7b6b24b97375876a3,d1e71351f357a7f43e63ab87480905581d24972b94f32b8263d25c4b0b0cc699,55cbc280ecf924ac6963d16b37218a60f3562f4c4eeedc7190023ee98f451316,55cbc280ecf924ac6963d16b37218a60f3562f4c4eeedc7190023ee98f451316,hoc_tap,author_synthetic,true,ai_draft,train
seed_hoc_tap_hoc_phi_01,tpl_hoc_tap_hoc_phi,eg_8f5d891c69721582414a562d669a1c013d3fec7d98939cb40f1a6eeb98007520,tpl_hoc_tap_hoc_phi,4a18f41239d4f19ed9526fee0289b29a4d5d770db684a5da30dfe523fde1c7de,5fd502c4d87720ab01cd39cc1f6a16899444b343d4e8d76783d91a79b71cb0e4,9caeb80f0758800bee37a4562e1db02431ef55ae5ba324201993133e39584c37,37318ceea85012b073531a8ffb2ee1aa9ffc8d056fe037d5efd873fb4b550065,hoc_tap,author_synthetic,true,ai_draft,test
seed_hoc_tap_hoc_phi_01_nd,tpl_hoc_tap_hoc_phi,eg_8f5d891c69721582414a562d669a1c013d3fec7d98939cb40f1a6eeb98007520,tpl_hoc_tap_hoc_phi,4a18f41239d4f19ed9526fee0289b29a4d5d770db684a5da30dfe523fde1c7de,5fd502c4d87720ab01cd39cc1f6a16899444b343d4e8d76783d91a79b71cb0e4,37318ceea85012b073531a8ffb2ee1aa9ffc8d056fe037d5efd873fb4b550065,37318ceea85012b073531a8ffb2ee1aa9ffc8d056fe037d5efd873fb4b550065,hoc_tap,author_synthetic,true,ai_draft,test
seed_hoc_tap_hoc_phi_02,tpl_hoc_tap_hoc_phi,eg_8f5d891c69721582414a562d669a1c013d3fec7d98939cb40f1a6eeb98007520,tpl_hoc_tap_hoc_phi,4a18f41239d4f19ed9526fee0289b29a4d5d770db684a5da30dfe523fde1c7de,f58a2f8e23f6b20be455e757434f71748e7bb742d95402f8879bc5c219c9f6bb,45ad4f48841744a9721252b8f62b13e1637fa0d94e747bd5eb4f3b82deb1c73b,fe2c61c89e386e3a0057cebe28287242a9715d2da2af40c87dc5960abb9225f2,hoc_tap,author_synthetic,true,ai_draft,test
seed_hoc_tap_hoc_phi_02_nd,tpl_hoc_tap_hoc_phi,eg_8f5d891c69721582414a562d669a1c013d3fec7d98939cb40f1a6eeb98007520,tpl_hoc_tap_hoc_phi,4a18f41239d4f19ed9526fee0289b29a4d5d770db684a5da30dfe523fde1c7de,f58a2f8e23f6b20be455e757434f71748e7bb742d95402f8879bc5c219c9f6bb,fe2c61c89e386e3a0057cebe28287242a9715d2da2af40c87dc5960abb9225f2,fe2c61c89e386e3a0057cebe28287242a9715d2da2af40c87dc5960abb9225f2,hoc_tap,author_synthetic,true,ai_draft,test
seed_hoc_tap_hoc_phi_03,tpl_hoc_tap_hoc_phi,eg_8f5d891c69721582414a562d669a1c013d3fec7d98939cb40f1a6eeb98007520,tpl_hoc_tap_hoc_phi,4a18f41239d4f19ed9526fee0289b29a4d5d770db684a5da30dfe523fde1c7de,baa227bea3854c6fa5fe1ae06ce2bf73954b35c9e7e5c10f5735ed5b2cbb4916,9714430063ca6db3ff908f3a6ee146e8d4a388d40ec11da06aa0d2653a966667,fdaf8b2b0961276a6e77904ed49cde36c240dac29578e527d356d9193d6615e0,hoc_tap,author_synthetic,true,ai_draft,test
seed_hoc_tap_hoc_phi_03_nd,tpl_hoc_tap_hoc_phi,eg_8f5d891c69721582414a562d669a1c013d3fec7d98939cb40f1a6eeb98007520,tpl_hoc_tap_hoc_phi,4a18f41239d4f19ed9526fee0289b29a4d5d770db684a5da30dfe523fde1c7de,baa227bea3854c6fa5fe1ae06ce2bf73954b35c9e7e5c10f5735ed5b2cbb4916,fdaf8b2b0961276a6e77904ed49cde36c240dac29578e527d356d9193d6615e0,fdaf8b2b0961276a6e77904ed49cde36c240dac29578e527d356d9193d6615e0,hoc_tap,author_synthetic,true,ai_draft,test
seed_hoc_tap_hoc_phi_04,tpl_hoc_tap_hoc_phi,eg_8f5d891c69721582414a562d669a1c013d3fec7d98939cb40f1a6eeb98007520,tpl_hoc_tap_hoc_phi,4a18f41239d4f19ed9526fee0289b29a4d5d770db684a5da30dfe523fde1c7de,98f12d899da39839348d2edde1c2a7d54ad148e06e50ccd56a5c1d6a5cd47b14,0fd833e280265cecdf22fa8f9a449c67aca028023e453b107460b4872ef308c6,ad0d4de3fe6dc16ad321d2149d63b0aa590286f26e07b15d401395bb669175e0,hoc_tap,author_synthetic,true,ai_draft,test
seed_hoc_tap_hoc_phi_04_nd,tpl_hoc_tap_hoc_phi,eg_8f5d891c69721582414a562d669a1c013d3fec7d98939cb40f1a6eeb98007520,tpl_hoc_tap_hoc_phi,4a18f41239d4f19ed9526fee0289b29a4d5d770db684a5da30dfe523fde1c7de,98f12d899da39839348d2edde1c2a7d54ad148e06e50ccd56a5c1d6a5cd47b14,ad0d4de3fe6dc16ad321d2149d63b0aa590286f26e07b15d401395bb669175e0,ad0d4de3fe6dc16ad321d2149d63b0aa590286f26e07b15d401395bb669175e0,hoc_tap,author_synthetic,true,ai_draft,test
seed_hoc_tap_hoc_phi_05,tpl_hoc_tap_hoc_phi,eg_8f5d891c69721582414a562d669a1c013d3fec7d98939cb40f1a6eeb98007520,tpl_hoc_tap_hoc_phi,4a18f41239d4f19ed9526fee0289b29a4d5d770db684a5da30dfe523fde1c7de,8aa2359a78ff406158fe562841ffd564295109f6fb1f05740b9e9830e15864e7,459a5e4157be3cbb7be51ec6cbecf13cb0aa2814f53cba8ae09dde0abc209545,c102d6416e3a42ab196e31dd114251b14aff657e28711715a4ce2deec88b3da3,hoc_tap,author_synthetic,true,ai_draft,test
seed_hoc_tap_hoc_phi_05_nd,tpl_hoc_tap_hoc_phi,eg_8f5d891c69721582414a562d669a1c013d3fec7d98939cb40f1a6eeb98007520,tpl_hoc_tap_hoc_phi,4a18f41239d4f19ed9526fee0289b29a4d5d770db684a5da30dfe523fde1c7de,8aa2359a78ff406158fe562841ffd564295109f6fb1f05740b9e9830e15864e7,c102d6416e3a42ab196e31dd114251b14aff657e28711715a4ce2deec88b3da3,c102d6416e3a42ab196e31dd114251b14aff657e28711715a4ce2deec88b3da3,hoc_tap,author_synthetic,true,ai_draft,test
seed_hoc_tap_tai_lieu_01,tpl_hoc_tap_tai_lieu,eg_4c8c43cbbc8f4db8345ed83c28fd90f500aa65a7f1e19f80a7ab68ddb091b1e9,tpl_hoc_tap_tai_lieu,d6afe3763734ec86ec245009a5165861aca4367fe04c85acf3d8880a19c81e50,dc77b9110bba1143df90a4814cb0b0a3e60917e2435728aac521cecaebce2523,87e55b3baa5bd5a1f9ce76b422eaf93183633c396cfce34bc18ee7d6c4573077,c757ce4be0bcadea63a9ec1489e3d8d327370c08876fb24a358c87bb0bbbdcad,hoc_tap,author_synthetic,true,ai_draft,validation
seed_hoc_tap_tai_lieu_01_nd,tpl_hoc_tap_tai_lieu,eg_4c8c43cbbc8f4db8345ed83c28fd90f500aa65a7f1e19f80a7ab68ddb091b1e9,tpl_hoc_tap_tai_lieu,d6afe3763734ec86ec245009a5165861aca4367fe04c85acf3d8880a19c81e50,dc77b9110bba1143df90a4814cb0b0a3e60917e2435728aac521cecaebce2523,c757ce4be0bcadea63a9ec1489e3d8d327370c08876fb24a358c87bb0bbbdcad,c757ce4be0bcadea63a9ec1489e3d8d327370c08876fb24a358c87bb0bbbdcad,hoc_tap,author_synthetic,true,ai_draft,validation
seed_hoc_tap_tai_lieu_02,tpl_hoc_tap_tai_lieu,eg_4c8c43cbbc8f4db8345ed83c28fd90f500aa65a7f1e19f80a7ab68ddb091b1e9,tpl_hoc_tap_tai_lieu,d6afe3763734ec86ec245009a5165861aca4367fe04c85acf3d8880a19c81e50,de1b3fccc94bebda46da21fb39ecfdf524436bbd7b806b1cdfcbf00570230489,17555a2f72401cf70789c67cf8cdac9b9f46795a8d6efe4c20b3fd73fd1d9776,90a832e366d8eb7528f57c6c1341daa9e65da82f2abe619c9e2af02441b1e887,hoc_tap,author_synthetic,true,ai_draft,validation
seed_hoc_tap_tai_lieu_02_nd,tpl_hoc_tap_tai_lieu,eg_4c8c43cbbc8f4db8345ed83c28fd90f500aa65a7f1e19f80a7ab68ddb091b1e9,tpl_hoc_tap_tai_lieu,d6afe3763734ec86ec245009a5165861aca4367fe04c85acf3d8880a19c81e50,de1b3fccc94bebda46da21fb39ecfdf524436bbd7b806b1cdfcbf00570230489,90a832e366d8eb7528f57c6c1341daa9e65da82f2abe619c9e2af02441b1e887,90a832e366d8eb7528f57c6c1341daa9e65da82f2abe619c9e2af02441b1e887,hoc_tap,author_synthetic,true,ai_draft,validation
seed_hoc_tap_tai_lieu_03,tpl_hoc_tap_tai_lieu,eg_4c8c43cbbc8f4db8345ed83c28fd90f500aa65a7f1e19f80a7ab68ddb091b1e9,tpl_hoc_tap_tai_lieu,d6afe3763734ec86ec245009a5165861aca4367fe04c85acf3d8880a19c81e50,da00b3a05910b88f7b35fcd0432e5ac773db39505b6a9cc7ea51bd306608ed39,dc26bef4dc6bc7f6d89fa554f7eed204e20a9e2710603af44d97a83e7b4ba879,c7583733c7e6d57e16980a8f5a3ad6a0b51cff25a4f3b3a6872c49cf75c9e1af,hoc_tap,author_synthetic,true,ai_draft,validation
seed_hoc_tap_tai_lieu_03_nd,tpl_hoc_tap_tai_lieu,eg_4c8c43cbbc8f4db8345ed83c28fd90f500aa65a7f1e19f80a7ab68ddb091b1e9,tpl_hoc_tap_tai_lieu,d6afe3763734ec86ec245009a5165861aca4367fe04c85acf3d8880a19c81e50,da00b3a05910b88f7b35fcd0432e5ac773db39505b6a9cc7ea51bd306608ed39,c7583733c7e6d57e16980a8f5a3ad6a0b51cff25a4f3b3a6872c49cf75c9e1af,c7583733c7e6d57e16980a8f5a3ad6a0b51cff25a4f3b3a6872c49cf75c9e1af,hoc_tap,author_synthetic,true,ai_draft,validation
seed_hoc_tap_tai_lieu_04,tpl_hoc_tap_tai_lieu,eg_4c8c43cbbc8f4db8345ed83c28fd90f500aa65a7f1e19f80a7ab68ddb091b1e9,tpl_hoc_tap_tai_lieu,d6afe3763734ec86ec245009a5165861aca4367fe04c85acf3d8880a19c81e50,eb7efe3cd9f82ad0523c8436fa2a8aa56b5abf15408b583d451ad25f0a16249a,135f297edcd14b955b6249729f49fa7146715819f265e0e45e0df4658a8ceb19,88b042c60bbbfd07abee4cbfb47d962761b331b3175009ca317a5377f2f3184d,hoc_tap,author_synthetic,true,ai_draft,validation
seed_hoc_tap_tai_lieu_04_nd,tpl_hoc_tap_tai_lieu,eg_4c8c43cbbc8f4db8345ed83c28fd90f500aa65a7f1e19f80a7ab68ddb091b1e9,tpl_hoc_tap_tai_lieu,d6afe3763734ec86ec245009a5165861aca4367fe04c85acf3d8880a19c81e50,eb7efe3cd9f82ad0523c8436fa2a8aa56b5abf15408b583d451ad25f0a16249a,88b042c60bbbfd07abee4cbfb47d962761b331b3175009ca317a5377f2f3184d,88b042c60bbbfd07abee4cbfb47d962761b331b3175009ca317a5377f2f3184d,hoc_tap,author_synthetic,true,ai_draft,validation
seed_hoc_tap_tai_lieu_05,tpl_hoc_tap_tai_lieu,eg_4c8c43cbbc8f4db8345ed83c28fd90f500aa65a7f1e19f80a7ab68ddb091b1e9,tpl_hoc_tap_tai_lieu,d6afe3763734ec86ec245009a5165861aca4367fe04c85acf3d8880a19c81e50,57e23b40441ab5ff7aad14174011cd683b399c8f746219ca991c2520c15020d0,5816d0091e84714a4b9a58707e1018b86d860ca5195819e19b981775dd946220,a2ca8b6a74740ae241fdb9166e1964c851b40a44b2906fe69d50c11957a23871,hoc_tap,author_synthetic,true,ai_draft,validation
seed_hoc_tap_tai_lieu_05_nd,tpl_hoc_tap_tai_lieu,eg_4c8c43cbbc8f4db8345ed83c28fd90f500aa65a7f1e19f80a7ab68ddb091b1e9,tpl_hoc_tap_tai_lieu,d6afe3763734ec86ec245009a5165861aca4367fe04c85acf3d8880a19c81e50,57e23b40441ab5ff7aad14174011cd683b399c8f746219ca991c2520c15020d0,a2ca8b6a74740ae241fdb9166e1964c851b40a44b2906fe69d50c11957a23871,a2ca8b6a74740ae241fdb9166e1964c851b40a44b2906fe69d50c11957a23871,hoc_tap,author_synthetic,true,ai_draft,validation
seed_khac_dich_vu_khac_01,tpl_khac_dich_vu_khac,eg_edff8d4a9f9188586613883dee4c0baf5c370ff31d50af6c68878e1ce70bfac5,tpl_khac_dich_vu_khac,b6c20f7fd856f1d324e8b3f93b9edd3c05af20ed6e473ca6dcb9598addd19f16,f10a9c6cb17c8cf25e58ed0a0f1adaf634c29c01a65bd68f286221f554e7dd59,24eb80579eece5ebd09f5204ded5bde50689f21dd56f99bbb56acf3d00e8b1a5,f224bee3e379bc346b60f7dfdc393691838a828369116d1ee052afdc68d8acb7,khac,author_synthetic,true,ai_draft,validation
seed_khac_dich_vu_khac_01_nd,tpl_khac_dich_vu_khac,eg_edff8d4a9f9188586613883dee4c0baf5c370ff31d50af6c68878e1ce70bfac5,tpl_khac_dich_vu_khac,b6c20f7fd856f1d324e8b3f93b9edd3c05af20ed6e473ca6dcb9598addd19f16,f10a9c6cb17c8cf25e58ed0a0f1adaf634c29c01a65bd68f286221f554e7dd59,f224bee3e379bc346b60f7dfdc393691838a828369116d1ee052afdc68d8acb7,f224bee3e379bc346b60f7dfdc393691838a828369116d1ee052afdc68d8acb7,khac,author_synthetic,true,ai_draft,validation
seed_khac_dich_vu_khac_02,tpl_khac_dich_vu_khac,eg_edff8d4a9f9188586613883dee4c0baf5c370ff31d50af6c68878e1ce70bfac5,tpl_khac_dich_vu_khac,b6c20f7fd856f1d324e8b3f93b9edd3c05af20ed6e473ca6dcb9598addd19f16,ab7f5b70cb6fa4ebed7fe3ed5c05203345793a9e0db3b768e752e8c0d9ead7da,6e70db3294826393253effed7110bf7a4397b8ff96877f4141bb6e8a4b65bc64,9498eaf87cf2563d9953c29f4b23f78f717e4df4ba606ffb12361e90142a434a,khac,author_synthetic,true,ai_draft,validation
seed_khac_dich_vu_khac_02_nd,tpl_khac_dich_vu_khac,eg_edff8d4a9f9188586613883dee4c0baf5c370ff31d50af6c68878e1ce70bfac5,tpl_khac_dich_vu_khac,b6c20f7fd856f1d324e8b3f93b9edd3c05af20ed6e473ca6dcb9598addd19f16,ab7f5b70cb6fa4ebed7fe3ed5c05203345793a9e0db3b768e752e8c0d9ead7da,9498eaf87cf2563d9953c29f4b23f78f717e4df4ba606ffb12361e90142a434a,9498eaf87cf2563d9953c29f4b23f78f717e4df4ba606ffb12361e90142a434a,khac,author_synthetic,true,ai_draft,validation
seed_khac_dich_vu_khac_03,tpl_khac_dich_vu_khac,eg_edff8d4a9f9188586613883dee4c0baf5c370ff31d50af6c68878e1ce70bfac5,tpl_khac_dich_vu_khac,b6c20f7fd856f1d324e8b3f93b9edd3c05af20ed6e473ca6dcb9598addd19f16,60afcbc07eb081cb56fd40b86cbb3ea73084b66110ff41ad1513b2c43293d858,e9408818369d8690e9becca74547f31dd9db0113c2a390995cf261d9f73257e3,30acd3f93179ae9402f9132c7bdfd23c0bdc091fe303e5d1d4edb05cdca2cedc,khac,author_synthetic,true,ai_draft,validation
seed_khac_dich_vu_khac_03_nd,tpl_khac_dich_vu_khac,eg_edff8d4a9f9188586613883dee4c0baf5c370ff31d50af6c68878e1ce70bfac5,tpl_khac_dich_vu_khac,b6c20f7fd856f1d324e8b3f93b9edd3c05af20ed6e473ca6dcb9598addd19f16,60afcbc07eb081cb56fd40b86cbb3ea73084b66110ff41ad1513b2c43293d858,30acd3f93179ae9402f9132c7bdfd23c0bdc091fe303e5d1d4edb05cdca2cedc,30acd3f93179ae9402f9132c7bdfd23c0bdc091fe303e5d1d4edb05cdca2cedc,khac,author_synthetic,true,ai_draft,validation
seed_khac_dich_vu_khac_04,tpl_khac_dich_vu_khac,eg_edff8d4a9f9188586613883dee4c0baf5c370ff31d50af6c68878e1ce70bfac5,tpl_khac_dich_vu_khac,b6c20f7fd856f1d324e8b3f93b9edd3c05af20ed6e473ca6dcb9598addd19f16,cd12ec89e290a8ac1c70b21675f7d4f6849d9cd4ea2888ebf51d6639a64f503c,7f1641f28e79f4f039a623234cc0532c8e7690f295ba5abb8d9fe1cf5b42582c,0bdaaa6ec6b1a220cc8b9b5f2081a92a556650e84301f8e521d1a947e3d066cf,khac,author_synthetic,true,ai_draft,validation
seed_khac_dich_vu_khac_04_nd,tpl_khac_dich_vu_khac,eg_edff8d4a9f9188586613883dee4c0baf5c370ff31d50af6c68878e1ce70bfac5,tpl_khac_dich_vu_khac,b6c20f7fd856f1d324e8b3f93b9edd3c05af20ed6e473ca6dcb9598addd19f16,cd12ec89e290a8ac1c70b21675f7d4f6849d9cd4ea2888ebf51d6639a64f503c,0bdaaa6ec6b1a220cc8b9b5f2081a92a556650e84301f8e521d1a947e3d066cf,0bdaaa6ec6b1a220cc8b9b5f2081a92a556650e84301f8e521d1a947e3d066cf,khac,author_synthetic,true,ai_draft,validation
seed_khac_dich_vu_khac_05,tpl_khac_dich_vu_khac,eg_edff8d4a9f9188586613883dee4c0baf5c370ff31d50af6c68878e1ce70bfac5,tpl_khac_dich_vu_khac,b6c20f7fd856f1d324e8b3f93b9edd3c05af20ed6e473ca6dcb9598addd19f16,7447a37d8cd24b13871df6388a1bccd8e94a80e7a819ca881ec527a340bbf3c4,b18ced089a25d415309d34f112c6852e36f92a1714ff487c15a0575de37cbf52,6b719b7204ad28ad5ef8ad6d656c434d1a2deeb2ed13ff1ba9dd92f4fac4c59d,khac,author_synthetic,true,ai_draft,validation
seed_khac_dich_vu_khac_05_nd,tpl_khac_dich_vu_khac,eg_edff8d4a9f9188586613883dee4c0baf5c370ff31d50af6c68878e1ce70bfac5,tpl_khac_dich_vu_khac,b6c20f7fd856f1d324e8b3f93b9edd3c05af20ed6e473ca6dcb9598addd19f16,7447a37d8cd24b13871df6388a1bccd8e94a80e7a819ca881ec527a340bbf3c4,6b719b7204ad28ad5ef8ad6d656c434d1a2deeb2ed13ff1ba9dd92f4fac4c59d,6b719b7204ad28ad5ef8ad6d656c434d1a2deeb2ed13ff1ba9dd92f4fac4c59d,khac,author_synthetic,true,ai_draft,validation
seed_khac_dong_gop_01,tpl_khac_dong_gop,eg_025463ffe8346e7caa1481489e3d72f79a9835dfd7fc7c7fb94891e6b59a75e9,tpl_khac_dong_gop,fdfb6ad78e5ae6d6e9c2d3ebe6cc9e463b16327f3f06f141f62900283d55121d,d3840b2b6c1001dcc9fe926ee46a1f966aadb35b9e449a0c639eefa087c837a4,626a19e362b23aba1f324a3b75603838c3af3fef2973714bf19f9dc7c013ae06,458237d879fee09c21cbeaea3d102689d80f9c149148fa5d482d9a963044a93c,khac,author_synthetic,true,ai_draft,train
seed_khac_dong_gop_01_nd,tpl_khac_dong_gop,eg_025463ffe8346e7caa1481489e3d72f79a9835dfd7fc7c7fb94891e6b59a75e9,tpl_khac_dong_gop,fdfb6ad78e5ae6d6e9c2d3ebe6cc9e463b16327f3f06f141f62900283d55121d,d3840b2b6c1001dcc9fe926ee46a1f966aadb35b9e449a0c639eefa087c837a4,458237d879fee09c21cbeaea3d102689d80f9c149148fa5d482d9a963044a93c,458237d879fee09c21cbeaea3d102689d80f9c149148fa5d482d9a963044a93c,khac,author_synthetic,true,ai_draft,train
seed_khac_dong_gop_02,tpl_khac_dong_gop,eg_025463ffe8346e7caa1481489e3d72f79a9835dfd7fc7c7fb94891e6b59a75e9,tpl_khac_dong_gop,fdfb6ad78e5ae6d6e9c2d3ebe6cc9e463b16327f3f06f141f62900283d55121d,6d17e3fd7ec944a2baa068e4107968a40658a5252f5bf5956dd10fcb2f49c5a2,5ba400131ecfa1a72806424bd97ac3e8ef20b70913e614fa095997fcba5ff234,ce62917a6f0d6ac6a3f104357bc21727dabb022735e5633e6a17fc80d4dbe289,khac,author_synthetic,true,ai_draft,train
seed_khac_dong_gop_02_nd,tpl_khac_dong_gop,eg_025463ffe8346e7caa1481489e3d72f79a9835dfd7fc7c7fb94891e6b59a75e9,tpl_khac_dong_gop,fdfb6ad78e5ae6d6e9c2d3ebe6cc9e463b16327f3f06f141f62900283d55121d,6d17e3fd7ec944a2baa068e4107968a40658a5252f5bf5956dd10fcb2f49c5a2,ce62917a6f0d6ac6a3f104357bc21727dabb022735e5633e6a17fc80d4dbe289,ce62917a6f0d6ac6a3f104357bc21727dabb022735e5633e6a17fc80d4dbe289,khac,author_synthetic,true,ai_draft,train
seed_khac_dong_gop_03,tpl_khac_dong_gop,eg_025463ffe8346e7caa1481489e3d72f79a9835dfd7fc7c7fb94891e6b59a75e9,tpl_khac_dong_gop,fdfb6ad78e5ae6d6e9c2d3ebe6cc9e463b16327f3f06f141f62900283d55121d,51adc76f2c60046a9b6b83ff57ee6c372b364053b2d2e905656e52441a15638d,65ae6bdb9691dfb112ff1b97f2aaed96e190d755b760b997757db6204572557f,b5722daa877db8189bd82a858a71926deee2646fe294cbdcff2ba686a0efe313,khac,author_synthetic,true,ai_draft,train
seed_khac_dong_gop_03_nd,tpl_khac_dong_gop,eg_025463ffe8346e7caa1481489e3d72f79a9835dfd7fc7c7fb94891e6b59a75e9,tpl_khac_dong_gop,fdfb6ad78e5ae6d6e9c2d3ebe6cc9e463b16327f3f06f141f62900283d55121d,51adc76f2c60046a9b6b83ff57ee6c372b364053b2d2e905656e52441a15638d,b5722daa877db8189bd82a858a71926deee2646fe294cbdcff2ba686a0efe313,b5722daa877db8189bd82a858a71926deee2646fe294cbdcff2ba686a0efe313,khac,author_synthetic,true,ai_draft,train
seed_khac_dong_gop_04,tpl_khac_dong_gop,eg_025463ffe8346e7caa1481489e3d72f79a9835dfd7fc7c7fb94891e6b59a75e9,tpl_khac_dong_gop,fdfb6ad78e5ae6d6e9c2d3ebe6cc9e463b16327f3f06f141f62900283d55121d,5f8c53e41ab94222c34b46dfd0cfd901307f1ef0c020daebeb16501a65b7d412,6ad8b3a2a8be57497570d50a5a16b4b0747e09c22d5695f8561cce6315a809b7,198bc531172ab96a6a5c979985938f0b24d245acea5c140bb357e6a7a8ca951c,khac,author_synthetic,true,ai_draft,train
seed_khac_dong_gop_04_nd,tpl_khac_dong_gop,eg_025463ffe8346e7caa1481489e3d72f79a9835dfd7fc7c7fb94891e6b59a75e9,tpl_khac_dong_gop,fdfb6ad78e5ae6d6e9c2d3ebe6cc9e463b16327f3f06f141f62900283d55121d,5f8c53e41ab94222c34b46dfd0cfd901307f1ef0c020daebeb16501a65b7d412,198bc531172ab96a6a5c979985938f0b24d245acea5c140bb357e6a7a8ca951c,198bc531172ab96a6a5c979985938f0b24d245acea5c140bb357e6a7a8ca951c,khac,author_synthetic,true,ai_draft,train
seed_khac_dong_gop_05,tpl_khac_dong_gop,eg_025463ffe8346e7caa1481489e3d72f79a9835dfd7fc7c7fb94891e6b59a75e9,tpl_khac_dong_gop,fdfb6ad78e5ae6d6e9c2d3ebe6cc9e463b16327f3f06f141f62900283d55121d,131959b445736f8b4eddd7a87d3e5abde79f6f61f661ca0120e95fd7023d0a9f,3ab15883d6e1862ccf34c907d17cbd20bac7b4968b72c7d371e81c9e83b53171,292b1cbe2b8d4308719c2fcdd99c094669c1b934141ed4e01222401d17020a5a,khac,author_synthetic,true,ai_draft,train
seed_khac_dong_gop_05_nd,tpl_khac_dong_gop,eg_025463ffe8346e7caa1481489e3d72f79a9835dfd7fc7c7fb94891e6b59a75e9,tpl_khac_dong_gop,fdfb6ad78e5ae6d6e9c2d3ebe6cc9e463b16327f3f06f141f62900283d55121d,131959b445736f8b4eddd7a87d3e5abde79f6f61f661ca0120e95fd7023d0a9f,292b1cbe2b8d4308719c2fcdd99c094669c1b934141ed4e01222401d17020a5a,292b1cbe2b8d4308719c2fcdd99c094669c1b934141ed4e01222401d17020a5a,khac,author_synthetic,true,ai_draft,train
seed_khac_qua_tang_01,tpl_khac_qua_tang,eg_de509a536db12ddfb6c8430e79893cf976d7054537a10627bf6ce9b928b2826f,tpl_khac_qua_tang,c7a26da5c33ed58ae37f56ed8fb2bafd6cb41603ebbe810b026c7e180ecbbf20,811319403d76ce7f9bf3ba732a2beef27e61a618af83d8b57bab2def41f018d7,3b67cec9ea63ca11802143cd35e3d3185d04aaa257f11ffd4ab6db990e15db3c,7200b8791100752b968b100e0b6c5ab4571da5b23a5f187ce18fb7b1422c7c7f,khac,author_synthetic,true,ai_draft,train
seed_khac_qua_tang_01_nd,tpl_khac_qua_tang,eg_de509a536db12ddfb6c8430e79893cf976d7054537a10627bf6ce9b928b2826f,tpl_khac_qua_tang,c7a26da5c33ed58ae37f56ed8fb2bafd6cb41603ebbe810b026c7e180ecbbf20,811319403d76ce7f9bf3ba732a2beef27e61a618af83d8b57bab2def41f018d7,7200b8791100752b968b100e0b6c5ab4571da5b23a5f187ce18fb7b1422c7c7f,7200b8791100752b968b100e0b6c5ab4571da5b23a5f187ce18fb7b1422c7c7f,khac,author_synthetic,true,ai_draft,train
seed_khac_qua_tang_02,tpl_khac_qua_tang,eg_de509a536db12ddfb6c8430e79893cf976d7054537a10627bf6ce9b928b2826f,tpl_khac_qua_tang,c7a26da5c33ed58ae37f56ed8fb2bafd6cb41603ebbe810b026c7e180ecbbf20,cd805a141b5bcefa5d9242ffda73180597c1c17faa1b1597bd1fc200a471ea70,514a56693df656a87aa76c04b1ea740710ec540e8a9b5cd32ed0d2b7d15ad0e1,c31a7aacc37f9adc0fcf7e1565f83801452109235661ecbf362353cc537156c0,khac,author_synthetic,true,ai_draft,train
seed_khac_qua_tang_02_nd,tpl_khac_qua_tang,eg_de509a536db12ddfb6c8430e79893cf976d7054537a10627bf6ce9b928b2826f,tpl_khac_qua_tang,c7a26da5c33ed58ae37f56ed8fb2bafd6cb41603ebbe810b026c7e180ecbbf20,cd805a141b5bcefa5d9242ffda73180597c1c17faa1b1597bd1fc200a471ea70,c31a7aacc37f9adc0fcf7e1565f83801452109235661ecbf362353cc537156c0,c31a7aacc37f9adc0fcf7e1565f83801452109235661ecbf362353cc537156c0,khac,author_synthetic,true,ai_draft,train
seed_khac_qua_tang_03,tpl_khac_qua_tang,eg_de509a536db12ddfb6c8430e79893cf976d7054537a10627bf6ce9b928b2826f,tpl_khac_qua_tang,c7a26da5c33ed58ae37f56ed8fb2bafd6cb41603ebbe810b026c7e180ecbbf20,50915c136ae5622b0b0e245c5084121972aeb94e90b0399904ae333657d88d37,28d8f51b968493540465fda6cd430a30ecd2d08946e266b4bbe8e282006dec5d,b20da8ddc79c7536daba5d7ba82039c4af190f54174df8385e2f4118c1356d95,khac,author_synthetic,true,ai_draft,train
seed_khac_qua_tang_03_nd,tpl_khac_qua_tang,eg_de509a536db12ddfb6c8430e79893cf976d7054537a10627bf6ce9b928b2826f,tpl_khac_qua_tang,c7a26da5c33ed58ae37f56ed8fb2bafd6cb41603ebbe810b026c7e180ecbbf20,50915c136ae5622b0b0e245c5084121972aeb94e90b0399904ae333657d88d37,b20da8ddc79c7536daba5d7ba82039c4af190f54174df8385e2f4118c1356d95,b20da8ddc79c7536daba5d7ba82039c4af190f54174df8385e2f4118c1356d95,khac,author_synthetic,true,ai_draft,train
seed_khac_qua_tang_04,tpl_khac_qua_tang,eg_de509a536db12ddfb6c8430e79893cf976d7054537a10627bf6ce9b928b2826f,tpl_khac_qua_tang,c7a26da5c33ed58ae37f56ed8fb2bafd6cb41603ebbe810b026c7e180ecbbf20,0bab851d414cbab59a9256f4d0882d5e15f8a33c77dc485188a1cf33f0c5c142,f4bb3d04f297bb720f8fda6c1ff04b3d0bdd536564fb8546918bff4be4349a72,a0366bdb768f4e069bd5949835c644f8dffb088a6488e52aba13e1a882d7eed2,khac,author_synthetic,true,ai_draft,train
seed_khac_qua_tang_04_nd,tpl_khac_qua_tang,eg_de509a536db12ddfb6c8430e79893cf976d7054537a10627bf6ce9b928b2826f,tpl_khac_qua_tang,c7a26da5c33ed58ae37f56ed8fb2bafd6cb41603ebbe810b026c7e180ecbbf20,0bab851d414cbab59a9256f4d0882d5e15f8a33c77dc485188a1cf33f0c5c142,a0366bdb768f4e069bd5949835c644f8dffb088a6488e52aba13e1a882d7eed2,a0366bdb768f4e069bd5949835c644f8dffb088a6488e52aba13e1a882d7eed2,khac,author_synthetic,true,ai_draft,train
seed_khac_qua_tang_05,tpl_khac_qua_tang,eg_de509a536db12ddfb6c8430e79893cf976d7054537a10627bf6ce9b928b2826f,tpl_khac_qua_tang,c7a26da5c33ed58ae37f56ed8fb2bafd6cb41603ebbe810b026c7e180ecbbf20,c7bc36cc86fdf5881bec3d88be31fe03c66cbcf9384935132e27270d11d38d03,6b584e43e2588d496676d0538dd8fa3bfcd9940bfdc2ad3e10dd84d8a3fee1ef,d173e3f70674c6bcb72e37014bad3ecd9238115fc236e8be3ab7ee94c4db26ab,khac,author_synthetic,true,ai_draft,train
seed_khac_qua_tang_05_nd,tpl_khac_qua_tang,eg_de509a536db12ddfb6c8430e79893cf976d7054537a10627bf6ce9b928b2826f,tpl_khac_qua_tang,c7a26da5c33ed58ae37f56ed8fb2bafd6cb41603ebbe810b026c7e180ecbbf20,c7bc36cc86fdf5881bec3d88be31fe03c66cbcf9384935132e27270d11d38d03,d173e3f70674c6bcb72e37014bad3ecd9238115fc236e8be3ab7ee94c4db26ab,d173e3f70674c6bcb72e37014bad3ecd9238115fc236e8be3ab7ee94c4db26ab,khac,author_synthetic,true,ai_draft,train
seed_khac_thieu_ngu_canh_01,tpl_khac_thieu_ngu_canh,eg_00a6f47f5d87d14c4fe045ec62ca681a27932eb1507d5e9734eb5091a1fc7284,tpl_khac_thieu_ngu_canh,826028e839230d4b5ec9867041d02e7a1e6e2770943fa66cd82292faeecf7f71,87aa8db69267f51724a0e4b6ef34ddcb38284c7113c6d963c30ab62f84d158d2,9d4b3c1c2761c6b0105ffd6480b9268c6cc518522241039af113dbecc8715481,570660275b891d8de8cadd2ad5db467d6747cd0d2513244dbb1971e92710ecf5,khac,author_synthetic,true,ai_draft,train
seed_khac_thieu_ngu_canh_01_nd,tpl_khac_thieu_ngu_canh,eg_00a6f47f5d87d14c4fe045ec62ca681a27932eb1507d5e9734eb5091a1fc7284,tpl_khac_thieu_ngu_canh,826028e839230d4b5ec9867041d02e7a1e6e2770943fa66cd82292faeecf7f71,87aa8db69267f51724a0e4b6ef34ddcb38284c7113c6d963c30ab62f84d158d2,570660275b891d8de8cadd2ad5db467d6747cd0d2513244dbb1971e92710ecf5,570660275b891d8de8cadd2ad5db467d6747cd0d2513244dbb1971e92710ecf5,khac,author_synthetic,true,ai_draft,train
seed_khac_thieu_ngu_canh_02,tpl_khac_thieu_ngu_canh,eg_00a6f47f5d87d14c4fe045ec62ca681a27932eb1507d5e9734eb5091a1fc7284,tpl_khac_thieu_ngu_canh,826028e839230d4b5ec9867041d02e7a1e6e2770943fa66cd82292faeecf7f71,d43108798908821fdc61212e2f8e946cdb013df15f192e10982c93b9c0e56abc,2e71dda3f2690549471ccae165dd876888b42b89ece91e5a696378692a435987,ff970f63087ab69c55c46c47909af3b54798687da9ed9d386af3b29677a0ffcc,khac,author_synthetic,true,ai_draft,train
seed_khac_thieu_ngu_canh_02_nd,tpl_khac_thieu_ngu_canh,eg_00a6f47f5d87d14c4fe045ec62ca681a27932eb1507d5e9734eb5091a1fc7284,tpl_khac_thieu_ngu_canh,826028e839230d4b5ec9867041d02e7a1e6e2770943fa66cd82292faeecf7f71,d43108798908821fdc61212e2f8e946cdb013df15f192e10982c93b9c0e56abc,ff970f63087ab69c55c46c47909af3b54798687da9ed9d386af3b29677a0ffcc,ff970f63087ab69c55c46c47909af3b54798687da9ed9d386af3b29677a0ffcc,khac,author_synthetic,true,ai_draft,train
seed_khac_thieu_ngu_canh_03,tpl_khac_thieu_ngu_canh,eg_00a6f47f5d87d14c4fe045ec62ca681a27932eb1507d5e9734eb5091a1fc7284,tpl_khac_thieu_ngu_canh,826028e839230d4b5ec9867041d02e7a1e6e2770943fa66cd82292faeecf7f71,989d6c3a7269799a26fe5dd3c86a6bbbef69a95edfdaaa8ec1eba9e25869fed8,cd4044406e608bc4add19ad49d386b60488c6e5ad6031044ac1fa083596bd95b,2edb149494581663f1397f8c312e9eb32ae812dfbe265002a54e91e91426dcbb,khac,author_synthetic,true,ai_draft,train
seed_khac_thieu_ngu_canh_03_nd,tpl_khac_thieu_ngu_canh,eg_00a6f47f5d87d14c4fe045ec62ca681a27932eb1507d5e9734eb5091a1fc7284,tpl_khac_thieu_ngu_canh,826028e839230d4b5ec9867041d02e7a1e6e2770943fa66cd82292faeecf7f71,989d6c3a7269799a26fe5dd3c86a6bbbef69a95edfdaaa8ec1eba9e25869fed8,2edb149494581663f1397f8c312e9eb32ae812dfbe265002a54e91e91426dcbb,2edb149494581663f1397f8c312e9eb32ae812dfbe265002a54e91e91426dcbb,khac,author_synthetic,true,ai_draft,train
seed_khac_thieu_ngu_canh_04,tpl_khac_thieu_ngu_canh,eg_00a6f47f5d87d14c4fe045ec62ca681a27932eb1507d5e9734eb5091a1fc7284,tpl_khac_thieu_ngu_canh,826028e839230d4b5ec9867041d02e7a1e6e2770943fa66cd82292faeecf7f71,d379a9028cc6c5d366b889c1cd124010ad42f7fb17856cb3580f920bc21cb81b,61031e6ff19a92ad09eec5face228adeea9399cd50f67d6e26b59b5b64064572,3c17094501196ae5ee3014e3520ec64343eef87a14d7732667aa2fc49cd0d212,khac,author_synthetic,true,ai_draft,train
seed_khac_thieu_ngu_canh_04_nd,tpl_khac_thieu_ngu_canh,eg_00a6f47f5d87d14c4fe045ec62ca681a27932eb1507d5e9734eb5091a1fc7284,tpl_khac_thieu_ngu_canh,826028e839230d4b5ec9867041d02e7a1e6e2770943fa66cd82292faeecf7f71,d379a9028cc6c5d366b889c1cd124010ad42f7fb17856cb3580f920bc21cb81b,3c17094501196ae5ee3014e3520ec64343eef87a14d7732667aa2fc49cd0d212,3c17094501196ae5ee3014e3520ec64343eef87a14d7732667aa2fc49cd0d212,khac,author_synthetic,true,ai_draft,train
seed_khac_thieu_ngu_canh_05,tpl_khac_thieu_ngu_canh,eg_00a6f47f5d87d14c4fe045ec62ca681a27932eb1507d5e9734eb5091a1fc7284,tpl_khac_thieu_ngu_canh,826028e839230d4b5ec9867041d02e7a1e6e2770943fa66cd82292faeecf7f71,401dbb7dfda9a2b14b9e10221f08a3759c517cacf1040ddc824cbe199fc8c9bf,c457b2acdbd379426968b37e4c910875af754503aedfd3aa9fc4965bacfe90ef,61f5d37b2365f67f5731c41c425d17184e386abffefc968b6d66e803e17539c9,khac,author_synthetic,true,ai_draft,train
seed_khac_thieu_ngu_canh_05_nd,tpl_khac_thieu_ngu_canh,eg_00a6f47f5d87d14c4fe045ec62ca681a27932eb1507d5e9734eb5091a1fc7284,tpl_khac_thieu_ngu_canh,826028e839230d4b5ec9867041d02e7a1e6e2770943fa66cd82292faeecf7f71,401dbb7dfda9a2b14b9e10221f08a3759c517cacf1040ddc824cbe199fc8c9bf,61f5d37b2365f67f5731c41c425d17184e386abffefc968b6d66e803e17539c9,61f5d37b2365f67f5731c41c425d17184e386abffefc968b6d66e803e17539c9,khac,author_synthetic,true,ai_draft,train
seed_mua_sam_do_dung_01,tpl_mua_sam_do_dung,eg_785101c24e7dfa6cad20f2390a4a52f4764fa593524fcf6b530d9f02a53f8bf9,tpl_mua_sam_do_dung,fcefcf2e5d4f1638ae3cfffa0f0379a32263526d9cb19aa1f1e9ec82ebb2d80c,0f623646ab15abe091b84c9741fbe056254b666eeec8ca2200a53351f008932e,a24441778d96e461ab20d91fcc0bc0dd8dc41a979cf4e64a8aafbf59173959fd,8a1b6e975216d727db9355677a12b885f57200a2e88e211d1f88300c482315d7,mua_sam,author_synthetic,true,ai_draft,validation
seed_mua_sam_do_dung_01_nd,tpl_mua_sam_do_dung,eg_785101c24e7dfa6cad20f2390a4a52f4764fa593524fcf6b530d9f02a53f8bf9,tpl_mua_sam_do_dung,fcefcf2e5d4f1638ae3cfffa0f0379a32263526d9cb19aa1f1e9ec82ebb2d80c,0f623646ab15abe091b84c9741fbe056254b666eeec8ca2200a53351f008932e,8a1b6e975216d727db9355677a12b885f57200a2e88e211d1f88300c482315d7,8a1b6e975216d727db9355677a12b885f57200a2e88e211d1f88300c482315d7,mua_sam,author_synthetic,true,ai_draft,validation
seed_mua_sam_do_dung_02,tpl_mua_sam_do_dung,eg_785101c24e7dfa6cad20f2390a4a52f4764fa593524fcf6b530d9f02a53f8bf9,tpl_mua_sam_do_dung,fcefcf2e5d4f1638ae3cfffa0f0379a32263526d9cb19aa1f1e9ec82ebb2d80c,421161f029449ed21868d74dbc2b6fc8c564cefaffea748642bb443f668f12cd,6d3003587e1031e4a43c69ed401c346666050136982ed65e11e11f8625e4f74c,62e256ab92c8ab57374417d48c3154f59040d8ee234b52ad740a8d21f33ee38b,mua_sam,author_synthetic,true,ai_draft,validation
seed_mua_sam_do_dung_02_nd,tpl_mua_sam_do_dung,eg_785101c24e7dfa6cad20f2390a4a52f4764fa593524fcf6b530d9f02a53f8bf9,tpl_mua_sam_do_dung,fcefcf2e5d4f1638ae3cfffa0f0379a32263526d9cb19aa1f1e9ec82ebb2d80c,421161f029449ed21868d74dbc2b6fc8c564cefaffea748642bb443f668f12cd,62e256ab92c8ab57374417d48c3154f59040d8ee234b52ad740a8d21f33ee38b,62e256ab92c8ab57374417d48c3154f59040d8ee234b52ad740a8d21f33ee38b,mua_sam,author_synthetic,true,ai_draft,validation
seed_mua_sam_do_dung_03,tpl_mua_sam_do_dung,eg_785101c24e7dfa6cad20f2390a4a52f4764fa593524fcf6b530d9f02a53f8bf9,tpl_mua_sam_do_dung,fcefcf2e5d4f1638ae3cfffa0f0379a32263526d9cb19aa1f1e9ec82ebb2d80c,5eb897af5be31eaab0fb3c56ef334d01c6f9550a05f6a4878f42319d3a5747ff,1ecbf9ecaf4a128353e1f236a650b7ff219fd4f0df6a093a95cdf6839995cf4d,c0b70090f65cd1b81d010e8eb48e7bf8f129c601fe8dbe305062f646e8f22264,mua_sam,author_synthetic,true,ai_draft,validation
seed_mua_sam_do_dung_03_nd,tpl_mua_sam_do_dung,eg_785101c24e7dfa6cad20f2390a4a52f4764fa593524fcf6b530d9f02a53f8bf9,tpl_mua_sam_do_dung,fcefcf2e5d4f1638ae3cfffa0f0379a32263526d9cb19aa1f1e9ec82ebb2d80c,5eb897af5be31eaab0fb3c56ef334d01c6f9550a05f6a4878f42319d3a5747ff,c0b70090f65cd1b81d010e8eb48e7bf8f129c601fe8dbe305062f646e8f22264,c0b70090f65cd1b81d010e8eb48e7bf8f129c601fe8dbe305062f646e8f22264,mua_sam,author_synthetic,true,ai_draft,validation
seed_mua_sam_do_dung_04,tpl_mua_sam_do_dung,eg_785101c24e7dfa6cad20f2390a4a52f4764fa593524fcf6b530d9f02a53f8bf9,tpl_mua_sam_do_dung,fcefcf2e5d4f1638ae3cfffa0f0379a32263526d9cb19aa1f1e9ec82ebb2d80c,081e04ab70b9b36b075753ac25800c1e9e648ad3ccaea06be8867b66867741f3,e04ab889a4f57b0afd85e703d1fb4cbf9ac8d022a4937af3a1657b7f81bc6f9a,d3b7e6a782c4a7839a5753e684a897eb0270acdf52b6789406943c06e0a91371,mua_sam,author_synthetic,true,ai_draft,validation
seed_mua_sam_do_dung_04_nd,tpl_mua_sam_do_dung,eg_785101c24e7dfa6cad20f2390a4a52f4764fa593524fcf6b530d9f02a53f8bf9,tpl_mua_sam_do_dung,fcefcf2e5d4f1638ae3cfffa0f0379a32263526d9cb19aa1f1e9ec82ebb2d80c,081e04ab70b9b36b075753ac25800c1e9e648ad3ccaea06be8867b66867741f3,d3b7e6a782c4a7839a5753e684a897eb0270acdf52b6789406943c06e0a91371,d3b7e6a782c4a7839a5753e684a897eb0270acdf52b6789406943c06e0a91371,mua_sam,author_synthetic,true,ai_draft,validation
seed_mua_sam_do_dung_05,tpl_mua_sam_do_dung,eg_785101c24e7dfa6cad20f2390a4a52f4764fa593524fcf6b530d9f02a53f8bf9,tpl_mua_sam_do_dung,fcefcf2e5d4f1638ae3cfffa0f0379a32263526d9cb19aa1f1e9ec82ebb2d80c,3506e741d913d13379a31379295b6eb722da19842c7d173e205c33619de7bd37,882aefde210e07afcaa21a59c6611dfb1172b73f07136ca853fdba35a6f459d7,186ec126c0ae9441ab1ac1fe68c4dd70635340a9cb3fd8eba45c52080e83cb4e,mua_sam,author_synthetic,true,ai_draft,validation
seed_mua_sam_do_dung_05_nd,tpl_mua_sam_do_dung,eg_785101c24e7dfa6cad20f2390a4a52f4764fa593524fcf6b530d9f02a53f8bf9,tpl_mua_sam_do_dung,fcefcf2e5d4f1638ae3cfffa0f0379a32263526d9cb19aa1f1e9ec82ebb2d80c,3506e741d913d13379a31379295b6eb722da19842c7d173e205c33619de7bd37,186ec126c0ae9441ab1ac1fe68c4dd70635340a9cb3fd8eba45c52080e83cb4e,186ec126c0ae9441ab1ac1fe68c4dd70635340a9cb3fd8eba45c52080e83cb4e,mua_sam,author_synthetic,true,ai_draft,validation
seed_mua_sam_my_pham_01,tpl_mua_sam_my_pham,eg_a2a10830ed90daae53d4b85e0e1853b57434afb555bd2be96728b40ae3e6c0dc,tpl_mua_sam_my_pham,cb512d4923a909009e609b146739d79931c0f85f17d550949b02ac0eb1826303,974b5e59ce63e7aaf8f78c5b790f86753c00e429bde8cea9ae87bb120e3a8662,e2b57eca5c587dbc96f5494c34863a5875701058bbb78bde8860fad55f383d89,3491c9c820df2d74ded6208c605e5846a1bf516aad535a11831921399d760ce4,mua_sam,author_synthetic,true,ai_draft,train
seed_mua_sam_my_pham_01_nd,tpl_mua_sam_my_pham,eg_a2a10830ed90daae53d4b85e0e1853b57434afb555bd2be96728b40ae3e6c0dc,tpl_mua_sam_my_pham,cb512d4923a909009e609b146739d79931c0f85f17d550949b02ac0eb1826303,974b5e59ce63e7aaf8f78c5b790f86753c00e429bde8cea9ae87bb120e3a8662,3491c9c820df2d74ded6208c605e5846a1bf516aad535a11831921399d760ce4,3491c9c820df2d74ded6208c605e5846a1bf516aad535a11831921399d760ce4,mua_sam,author_synthetic,true,ai_draft,train
seed_mua_sam_my_pham_02,tpl_mua_sam_my_pham,eg_a2a10830ed90daae53d4b85e0e1853b57434afb555bd2be96728b40ae3e6c0dc,tpl_mua_sam_my_pham,cb512d4923a909009e609b146739d79931c0f85f17d550949b02ac0eb1826303,6961310e43717c49a6799be778aacc98bc2e73dbce2a2aa4b2c68bc9a35349ab,e13cfae79138771dc6a7ad914f27d1545ae355755a9041dfbeeff1258da4b054,756f63db838e435313d54a5315d2497cc032c951719bdc3940947cd7f67a54e7,mua_sam,author_synthetic,true,ai_draft,train
seed_mua_sam_my_pham_02_nd,tpl_mua_sam_my_pham,eg_a2a10830ed90daae53d4b85e0e1853b57434afb555bd2be96728b40ae3e6c0dc,tpl_mua_sam_my_pham,cb512d4923a909009e609b146739d79931c0f85f17d550949b02ac0eb1826303,6961310e43717c49a6799be778aacc98bc2e73dbce2a2aa4b2c68bc9a35349ab,756f63db838e435313d54a5315d2497cc032c951719bdc3940947cd7f67a54e7,756f63db838e435313d54a5315d2497cc032c951719bdc3940947cd7f67a54e7,mua_sam,author_synthetic,true,ai_draft,train
seed_mua_sam_my_pham_03,tpl_mua_sam_my_pham,eg_a2a10830ed90daae53d4b85e0e1853b57434afb555bd2be96728b40ae3e6c0dc,tpl_mua_sam_my_pham,cb512d4923a909009e609b146739d79931c0f85f17d550949b02ac0eb1826303,2379e3ccffb793d6907afa61a0f547e6a6fe62cc9467bd9fa300b429cf99c617,17c2a25c840bc7cfb2a5a350e7156ff8b812c2fb554822545218d65fb006b220,42e1d4a53158d10762b6a19e8c736c9eada3ed470d758595264ac6b115775166,mua_sam,author_synthetic,true,ai_draft,train
seed_mua_sam_my_pham_03_nd,tpl_mua_sam_my_pham,eg_a2a10830ed90daae53d4b85e0e1853b57434afb555bd2be96728b40ae3e6c0dc,tpl_mua_sam_my_pham,cb512d4923a909009e609b146739d79931c0f85f17d550949b02ac0eb1826303,2379e3ccffb793d6907afa61a0f547e6a6fe62cc9467bd9fa300b429cf99c617,42e1d4a53158d10762b6a19e8c736c9eada3ed470d758595264ac6b115775166,42e1d4a53158d10762b6a19e8c736c9eada3ed470d758595264ac6b115775166,mua_sam,author_synthetic,true,ai_draft,train
seed_mua_sam_my_pham_04,tpl_mua_sam_my_pham,eg_a2a10830ed90daae53d4b85e0e1853b57434afb555bd2be96728b40ae3e6c0dc,tpl_mua_sam_my_pham,cb512d4923a909009e609b146739d79931c0f85f17d550949b02ac0eb1826303,5d19f1ba630294e8e087d03d4a700d20190b42b942be7378e7f279fe2a73845d,71a35e526eee26550e2b0d9a37acc7dc2868ba9f81fa7628fbcc600daf1c0636,213d98593d54cda318dd9fc7209c152e4d6c199acad3af7eaa679cf3d872b8cb,mua_sam,author_synthetic,true,ai_draft,train
seed_mua_sam_my_pham_04_nd,tpl_mua_sam_my_pham,eg_a2a10830ed90daae53d4b85e0e1853b57434afb555bd2be96728b40ae3e6c0dc,tpl_mua_sam_my_pham,cb512d4923a909009e609b146739d79931c0f85f17d550949b02ac0eb1826303,5d19f1ba630294e8e087d03d4a700d20190b42b942be7378e7f279fe2a73845d,213d98593d54cda318dd9fc7209c152e4d6c199acad3af7eaa679cf3d872b8cb,213d98593d54cda318dd9fc7209c152e4d6c199acad3af7eaa679cf3d872b8cb,mua_sam,author_synthetic,true,ai_draft,train
seed_mua_sam_my_pham_05,tpl_mua_sam_my_pham,eg_a2a10830ed90daae53d4b85e0e1853b57434afb555bd2be96728b40ae3e6c0dc,tpl_mua_sam_my_pham,cb512d4923a909009e609b146739d79931c0f85f17d550949b02ac0eb1826303,c69bbc36272e84aff526d7192e2a3a3b37605021c7268c73e0838d5602aa2a42,1c3d301393ee263f8e76c8940c10dde1a635c3daf2cb854721119ea8bf2a07a1,80ea3efda062837234d3c14493a2467034952af01208391f9199cd7608b79ac9,mua_sam,author_synthetic,true,ai_draft,train
seed_mua_sam_my_pham_05_nd,tpl_mua_sam_my_pham,eg_a2a10830ed90daae53d4b85e0e1853b57434afb555bd2be96728b40ae3e6c0dc,tpl_mua_sam_my_pham,cb512d4923a909009e609b146739d79931c0f85f17d550949b02ac0eb1826303,c69bbc36272e84aff526d7192e2a3a3b37605021c7268c73e0838d5602aa2a42,80ea3efda062837234d3c14493a2467034952af01208391f9199cd7608b79ac9,80ea3efda062837234d3c14493a2467034952af01208391f9199cd7608b79ac9,mua_sam,author_synthetic,true,ai_draft,train
seed_mua_sam_quan_ao_01,tpl_mua_sam_quan_ao,eg_eef9bbccdce48c4d0f9c93fc152f40d72948780e6c1e4721987ec60b16ba1644,tpl_mua_sam_quan_ao,443d5c189161c7d82fd765ecc47f11daeb4237227555eaf0de593a8fb628bac3,5a7032ffaf3c0dd5f8012e441367cc0502273259eb816ffddc5ca4e7534a55c7,9f1e8329bcd5db3d9f565fcaeaba31b0b62ba6733024faac897d4999d66199b1,e4ea69854aaf7299096461c264b3d3c72eac3d29f56db3c66a883e664229852d,mua_sam,author_synthetic,true,ai_draft,test
seed_mua_sam_quan_ao_01_nd,tpl_mua_sam_quan_ao,eg_eef9bbccdce48c4d0f9c93fc152f40d72948780e6c1e4721987ec60b16ba1644,tpl_mua_sam_quan_ao,443d5c189161c7d82fd765ecc47f11daeb4237227555eaf0de593a8fb628bac3,5a7032ffaf3c0dd5f8012e441367cc0502273259eb816ffddc5ca4e7534a55c7,e4ea69854aaf7299096461c264b3d3c72eac3d29f56db3c66a883e664229852d,e4ea69854aaf7299096461c264b3d3c72eac3d29f56db3c66a883e664229852d,mua_sam,author_synthetic,true,ai_draft,test
seed_mua_sam_quan_ao_02,tpl_mua_sam_quan_ao,eg_eef9bbccdce48c4d0f9c93fc152f40d72948780e6c1e4721987ec60b16ba1644,tpl_mua_sam_quan_ao,443d5c189161c7d82fd765ecc47f11daeb4237227555eaf0de593a8fb628bac3,7383ef01dc8cc174fc9303ed3e15da10be48d235dc793c1bd8a4b15200f6fbad,ec789f741c239b4c43c4bc004d7c0c4f1b946c0784c8c9e1eedd46f14429692b,32ff14558a4c548ee672d8054fa3edc43f2dbfbfb7bc38f7325a80a746f76627,mua_sam,author_synthetic,true,ai_draft,test
seed_mua_sam_quan_ao_02_nd,tpl_mua_sam_quan_ao,eg_eef9bbccdce48c4d0f9c93fc152f40d72948780e6c1e4721987ec60b16ba1644,tpl_mua_sam_quan_ao,443d5c189161c7d82fd765ecc47f11daeb4237227555eaf0de593a8fb628bac3,7383ef01dc8cc174fc9303ed3e15da10be48d235dc793c1bd8a4b15200f6fbad,32ff14558a4c548ee672d8054fa3edc43f2dbfbfb7bc38f7325a80a746f76627,32ff14558a4c548ee672d8054fa3edc43f2dbfbfb7bc38f7325a80a746f76627,mua_sam,author_synthetic,true,ai_draft,test
seed_mua_sam_quan_ao_03,tpl_mua_sam_quan_ao,eg_eef9bbccdce48c4d0f9c93fc152f40d72948780e6c1e4721987ec60b16ba1644,tpl_mua_sam_quan_ao,443d5c189161c7d82fd765ecc47f11daeb4237227555eaf0de593a8fb628bac3,2d3101a356d3deb4c1ed01a8c5b0ea7c0c0db367281967c085c4c453a5bde294,6929deed54bc90571e5c92381affa142be077115ee009134fe79fbbe92283faa,40873be9aa3cc143f21a185855680754eeb1f7126104d709a27af1b32c64cb80,mua_sam,author_synthetic,true,ai_draft,test
seed_mua_sam_quan_ao_03_nd,tpl_mua_sam_quan_ao,eg_eef9bbccdce48c4d0f9c93fc152f40d72948780e6c1e4721987ec60b16ba1644,tpl_mua_sam_quan_ao,443d5c189161c7d82fd765ecc47f11daeb4237227555eaf0de593a8fb628bac3,2d3101a356d3deb4c1ed01a8c5b0ea7c0c0db367281967c085c4c453a5bde294,40873be9aa3cc143f21a185855680754eeb1f7126104d709a27af1b32c64cb80,40873be9aa3cc143f21a185855680754eeb1f7126104d709a27af1b32c64cb80,mua_sam,author_synthetic,true,ai_draft,test
seed_mua_sam_quan_ao_04,tpl_mua_sam_quan_ao,eg_eef9bbccdce48c4d0f9c93fc152f40d72948780e6c1e4721987ec60b16ba1644,tpl_mua_sam_quan_ao,443d5c189161c7d82fd765ecc47f11daeb4237227555eaf0de593a8fb628bac3,87c3075d08c4320cfd46141ea5f5781350d9802157095e670b23b05230999128,697ab8fe8b5723a104fc527a390a7b8c9d6252e1b5523df271c25d6bc2351399,62027ddd4c4f629199b26763975faec5f451c1d02bcdcc53c0d53e5e99c819b5,mua_sam,author_synthetic,true,ai_draft,test
seed_mua_sam_quan_ao_04_nd,tpl_mua_sam_quan_ao,eg_eef9bbccdce48c4d0f9c93fc152f40d72948780e6c1e4721987ec60b16ba1644,tpl_mua_sam_quan_ao,443d5c189161c7d82fd765ecc47f11daeb4237227555eaf0de593a8fb628bac3,87c3075d08c4320cfd46141ea5f5781350d9802157095e670b23b05230999128,62027ddd4c4f629199b26763975faec5f451c1d02bcdcc53c0d53e5e99c819b5,62027ddd4c4f629199b26763975faec5f451c1d02bcdcc53c0d53e5e99c819b5,mua_sam,author_synthetic,true,ai_draft,test
seed_mua_sam_quan_ao_05,tpl_mua_sam_quan_ao,eg_eef9bbccdce48c4d0f9c93fc152f40d72948780e6c1e4721987ec60b16ba1644,tpl_mua_sam_quan_ao,443d5c189161c7d82fd765ecc47f11daeb4237227555eaf0de593a8fb628bac3,b753f5e6b338ccdacdb6f014a9650cf41a05e0d9bfe9a327bfa35c17cb2cb313,e2dff98f5d1d3c55de73de1c37bc5363fdca4ca8de87b99592a97e6cc3044f2e,664b227df720947422d30998490ae2cd769fd9db760ae7906d96c4f315936112,mua_sam,author_synthetic,true,ai_draft,test
seed_mua_sam_quan_ao_05_nd,tpl_mua_sam_quan_ao,eg_eef9bbccdce48c4d0f9c93fc152f40d72948780e6c1e4721987ec60b16ba1644,tpl_mua_sam_quan_ao,443d5c189161c7d82fd765ecc47f11daeb4237227555eaf0de593a8fb628bac3,b753f5e6b338ccdacdb6f014a9650cf41a05e0d9bfe9a327bfa35c17cb2cb313,664b227df720947422d30998490ae2cd769fd9db760ae7906d96c4f315936112,664b227df720947422d30998490ae2cd769fd9db760ae7906d96c4f315936112,mua_sam,author_synthetic,true,ai_draft,test
seed_mua_sam_thiet_bi_01,tpl_mua_sam_thiet_bi,eg_f5ae746a04e7d653339f2188a0a13456e63068fac2c6dbe944cb288a23984308,tpl_mua_sam_thiet_bi,83766685e60d3a716eead0b63120efd863feb21203b48c20f26ee1e44c9c3271,55517aabdd4ddc1b90b2da3b4660e0a5afbf9e400c5010ceaf103f8cc7451b67,fa83bcd7dd4cf007288e5b4d316d691dfa4b283999673208359a67128dc31ba3,fa83bcd7dd4cf007288e5b4d316d691dfa4b283999673208359a67128dc31ba3,mua_sam,author_synthetic,true,ai_draft,train
seed_mua_sam_thiet_bi_02,tpl_mua_sam_thiet_bi,eg_f5ae746a04e7d653339f2188a0a13456e63068fac2c6dbe944cb288a23984308,tpl_mua_sam_thiet_bi,83766685e60d3a716eead0b63120efd863feb21203b48c20f26ee1e44c9c3271,98bc8ec6f4c9c6cc4ddc2171c7d12eaac3aea1714c9a875b0e7d8623ad1522ed,b64caefb84fc84d763068e1a67a8954c4117d4c7edd19136f18d732bedb6fd1d,f65a785e39d0ae8ab03fcfc79ff769e4d64cc1646a284c947ae2720b2b8d5c0f,mua_sam,author_synthetic,true,ai_draft,train
seed_mua_sam_thiet_bi_02_nd,tpl_mua_sam_thiet_bi,eg_f5ae746a04e7d653339f2188a0a13456e63068fac2c6dbe944cb288a23984308,tpl_mua_sam_thiet_bi,83766685e60d3a716eead0b63120efd863feb21203b48c20f26ee1e44c9c3271,98bc8ec6f4c9c6cc4ddc2171c7d12eaac3aea1714c9a875b0e7d8623ad1522ed,f65a785e39d0ae8ab03fcfc79ff769e4d64cc1646a284c947ae2720b2b8d5c0f,f65a785e39d0ae8ab03fcfc79ff769e4d64cc1646a284c947ae2720b2b8d5c0f,mua_sam,author_synthetic,true,ai_draft,train
seed_mua_sam_thiet_bi_03,tpl_mua_sam_thiet_bi,eg_f5ae746a04e7d653339f2188a0a13456e63068fac2c6dbe944cb288a23984308,tpl_mua_sam_thiet_bi,83766685e60d3a716eead0b63120efd863feb21203b48c20f26ee1e44c9c3271,6f9de1070c85799d46f9a4731d5d2e600eeeb611c2b9be9dfef5f54002824d9e,4b55fb7efbf7d637d8c5ecd7cac92551bdcf12a09221ca1240ff242cca44107f,96f7097746c5d7a38a7c6e9afab3d0ed55871c2089f672c8f1848137f3cf81c6,mua_sam,author_synthetic,true,ai_draft,train
seed_mua_sam_thiet_bi_03_nd,tpl_mua_sam_thiet_bi,eg_f5ae746a04e7d653339f2188a0a13456e63068fac2c6dbe944cb288a23984308,tpl_mua_sam_thiet_bi,83766685e60d3a716eead0b63120efd863feb21203b48c20f26ee1e44c9c3271,6f9de1070c85799d46f9a4731d5d2e600eeeb611c2b9be9dfef5f54002824d9e,96f7097746c5d7a38a7c6e9afab3d0ed55871c2089f672c8f1848137f3cf81c6,96f7097746c5d7a38a7c6e9afab3d0ed55871c2089f672c8f1848137f3cf81c6,mua_sam,author_synthetic,true,ai_draft,train
seed_mua_sam_thiet_bi_04,tpl_mua_sam_thiet_bi,eg_f5ae746a04e7d653339f2188a0a13456e63068fac2c6dbe944cb288a23984308,tpl_mua_sam_thiet_bi,83766685e60d3a716eead0b63120efd863feb21203b48c20f26ee1e44c9c3271,d1b42252a35be3ec549f19a6bd816090784aa21619511adf8c55a285b3f149cc,8ef1b07b3105ca318ddaf728737cb03262c826e924bab1fbe5ab699de13cfd43,db7a3586ae1cd6a121de8b2ba4f4852e53bdcb828317843c6c2854cd6df23846,mua_sam,author_synthetic,true,ai_draft,train
seed_mua_sam_thiet_bi_04_nd,tpl_mua_sam_thiet_bi,eg_f5ae746a04e7d653339f2188a0a13456e63068fac2c6dbe944cb288a23984308,tpl_mua_sam_thiet_bi,83766685e60d3a716eead0b63120efd863feb21203b48c20f26ee1e44c9c3271,d1b42252a35be3ec549f19a6bd816090784aa21619511adf8c55a285b3f149cc,db7a3586ae1cd6a121de8b2ba4f4852e53bdcb828317843c6c2854cd6df23846,db7a3586ae1cd6a121de8b2ba4f4852e53bdcb828317843c6c2854cd6df23846,mua_sam,author_synthetic,true,ai_draft,train
seed_mua_sam_thiet_bi_05,tpl_mua_sam_thiet_bi,eg_f5ae746a04e7d653339f2188a0a13456e63068fac2c6dbe944cb288a23984308,tpl_mua_sam_thiet_bi,83766685e60d3a716eead0b63120efd863feb21203b48c20f26ee1e44c9c3271,ec58426f5e8c5846c26366bfbfd36432e4139d02f780bfaeebd4e268376f712f,6c521fec029c81c32b7e339db4feea7e1ed1f7dc93183de540fa95479518a26e,ff99bd0bfd1f563fbe9b92018c6d29d2c9ee75c8b7a95424ab7c9058ae317409,mua_sam,author_synthetic,true,ai_draft,train
seed_mua_sam_thiet_bi_05_nd,tpl_mua_sam_thiet_bi,eg_f5ae746a04e7d653339f2188a0a13456e63068fac2c6dbe944cb288a23984308,tpl_mua_sam_thiet_bi,83766685e60d3a716eead0b63120efd863feb21203b48c20f26ee1e44c9c3271,ec58426f5e8c5846c26366bfbfd36432e4139d02f780bfaeebd4e268376f712f,ff99bd0bfd1f563fbe9b92018c6d29d2c9ee75c8b7a95424ab7c9058ae317409,ff99bd0bfd1f563fbe9b92018c6d29d2c9ee75c8b7a95424ab7c9058ae317409,mua_sam,author_synthetic,true,ai_draft,train
seed_nha_o_hoa_don_dien_nuoc_01,tpl_nha_o_hoa_don_dien_nuoc,eg_0104a9d012fb444dda7aa8be1a92109d2697946c5d021d71f8b3c7e08d760597,tpl_nha_o_hoa_don_dien_nuoc,385048e58bddee5a4e3a5a215f4c6922d1b33edeb288b856a1e64be4d11a825a,2dea0d433f00fa44d19205d1af585b7c245917ac34ed82c6a86f103138a70b54,c94766bd62cba4f3eb172bcf9737b1f61c17808958fae0666fe82f54618dd4f3,0d6637f5bc67c06c7166900fc8a5eb2d99e1ee82281252ab5d0f6eb5256dc036,nha_o_hoa_don,author_synthetic,true,ai_draft,train
seed_nha_o_hoa_don_dien_nuoc_01_nd,tpl_nha_o_hoa_don_dien_nuoc,eg_0104a9d012fb444dda7aa8be1a92109d2697946c5d021d71f8b3c7e08d760597,tpl_nha_o_hoa_don_dien_nuoc,385048e58bddee5a4e3a5a215f4c6922d1b33edeb288b856a1e64be4d11a825a,2dea0d433f00fa44d19205d1af585b7c245917ac34ed82c6a86f103138a70b54,0d6637f5bc67c06c7166900fc8a5eb2d99e1ee82281252ab5d0f6eb5256dc036,0d6637f5bc67c06c7166900fc8a5eb2d99e1ee82281252ab5d0f6eb5256dc036,nha_o_hoa_don,author_synthetic,true,ai_draft,train
seed_nha_o_hoa_don_dien_nuoc_02,tpl_nha_o_hoa_don_dien_nuoc,eg_0104a9d012fb444dda7aa8be1a92109d2697946c5d021d71f8b3c7e08d760597,tpl_nha_o_hoa_don_dien_nuoc,385048e58bddee5a4e3a5a215f4c6922d1b33edeb288b856a1e64be4d11a825a,fdda9822165e1992d30490ef8b64b1d1de41489457ce87a47d93f5bc9f33f6df,a4c3c1fbb5169334cf919b11a5357676549a75cba49fd04fb634b8cc8ca766e3,398ec7427796f4473f810addeba0a3ffc77ab5aa5567488cdcfc010c5fa54a44,nha_o_hoa_don,author_synthetic,true,ai_draft,train
seed_nha_o_hoa_don_dien_nuoc_02_nd,tpl_nha_o_hoa_don_dien_nuoc,eg_0104a9d012fb444dda7aa8be1a92109d2697946c5d021d71f8b3c7e08d760597,tpl_nha_o_hoa_don_dien_nuoc,385048e58bddee5a4e3a5a215f4c6922d1b33edeb288b856a1e64be4d11a825a,fdda9822165e1992d30490ef8b64b1d1de41489457ce87a47d93f5bc9f33f6df,398ec7427796f4473f810addeba0a3ffc77ab5aa5567488cdcfc010c5fa54a44,398ec7427796f4473f810addeba0a3ffc77ab5aa5567488cdcfc010c5fa54a44,nha_o_hoa_don,author_synthetic,true,ai_draft,train
seed_nha_o_hoa_don_dien_nuoc_03,tpl_nha_o_hoa_don_dien_nuoc,eg_0104a9d012fb444dda7aa8be1a92109d2697946c5d021d71f8b3c7e08d760597,tpl_nha_o_hoa_don_dien_nuoc,385048e58bddee5a4e3a5a215f4c6922d1b33edeb288b856a1e64be4d11a825a,9a0e457769f6c62335be929239de3a1b1aa7c63398cc36181747107c2bb3a798,e03633f7a61ab387a21bd5e3432af20a79e2ce5d1e80376c42ea01d841e83e7f,1785ae39c77c338df259be6949bd663f93ebd80de03812a758f22511abb99e61,nha_o_hoa_don,author_synthetic,true,ai_draft,train
seed_nha_o_hoa_don_dien_nuoc_03_nd,tpl_nha_o_hoa_don_dien_nuoc,eg_0104a9d012fb444dda7aa8be1a92109d2697946c5d021d71f8b3c7e08d760597,tpl_nha_o_hoa_don_dien_nuoc,385048e58bddee5a4e3a5a215f4c6922d1b33edeb288b856a1e64be4d11a825a,9a0e457769f6c62335be929239de3a1b1aa7c63398cc36181747107c2bb3a798,1785ae39c77c338df259be6949bd663f93ebd80de03812a758f22511abb99e61,1785ae39c77c338df259be6949bd663f93ebd80de03812a758f22511abb99e61,nha_o_hoa_don,author_synthetic,true,ai_draft,train
seed_nha_o_hoa_don_dien_nuoc_04,tpl_nha_o_hoa_don_dien_nuoc,eg_0104a9d012fb444dda7aa8be1a92109d2697946c5d021d71f8b3c7e08d760597,tpl_nha_o_hoa_don_dien_nuoc,385048e58bddee5a4e3a5a215f4c6922d1b33edeb288b856a1e64be4d11a825a,d0bfb2b81b541441c959f2ae53bdfc59c12e0a28c0ae6a4047ab508903dec7b8,ecabde1bb54f7f077f4ce690920b63ab2e72ac9c7fdcd6402594a7ee64f018fa,890612c81ae48fa4bd6a22c9fbc280dfa9c47cd358fef5c703ae1a178e82fe16,nha_o_hoa_don,author_synthetic,true,ai_draft,train
seed_nha_o_hoa_don_dien_nuoc_04_nd,tpl_nha_o_hoa_don_dien_nuoc,eg_0104a9d012fb444dda7aa8be1a92109d2697946c5d021d71f8b3c7e08d760597,tpl_nha_o_hoa_don_dien_nuoc,385048e58bddee5a4e3a5a215f4c6922d1b33edeb288b856a1e64be4d11a825a,d0bfb2b81b541441c959f2ae53bdfc59c12e0a28c0ae6a4047ab508903dec7b8,890612c81ae48fa4bd6a22c9fbc280dfa9c47cd358fef5c703ae1a178e82fe16,890612c81ae48fa4bd6a22c9fbc280dfa9c47cd358fef5c703ae1a178e82fe16,nha_o_hoa_don,author_synthetic,true,ai_draft,train
seed_nha_o_hoa_don_dien_nuoc_05,tpl_nha_o_hoa_don_dien_nuoc,eg_0104a9d012fb444dda7aa8be1a92109d2697946c5d021d71f8b3c7e08d760597,tpl_nha_o_hoa_don_dien_nuoc,385048e58bddee5a4e3a5a215f4c6922d1b33edeb288b856a1e64be4d11a825a,7489d8b4b53f0f9621a9605a15583221e713fda9d4e3fb7102affacfe84f2235,763ed6d4f3aa24ea389d2e3dd711e2851ee7a1a7fa815c370c2fe11df9bd657b,9a757da4ce9902574a667d32188935773df7b27bfd7314312a848f808eb9705e,nha_o_hoa_don,author_synthetic,true,ai_draft,train
seed_nha_o_hoa_don_dien_nuoc_05_nd,tpl_nha_o_hoa_don_dien_nuoc,eg_0104a9d012fb444dda7aa8be1a92109d2697946c5d021d71f8b3c7e08d760597,tpl_nha_o_hoa_don_dien_nuoc,385048e58bddee5a4e3a5a215f4c6922d1b33edeb288b856a1e64be4d11a825a,7489d8b4b53f0f9621a9605a15583221e713fda9d4e3fb7102affacfe84f2235,9a757da4ce9902574a667d32188935773df7b27bfd7314312a848f808eb9705e,9a757da4ce9902574a667d32188935773df7b27bfd7314312a848f808eb9705e,nha_o_hoa_don,author_synthetic,true,ai_draft,train
seed_nha_o_hoa_don_dien_thoai_01,tpl_nha_o_hoa_don_dien_thoai,eg_bd9732f628e52c3490919d9f4f0e39222f8d9c33e5972aa91e56a0c7cfc09e64,tpl_nha_o_hoa_don_dien_thoai,1c844e368c246107172d22ad35d7a8dbf9b58445047337a12a61fbe5f89e8dfd,22c4ca6f01b20799d659ecab781fbe3292e1492f418be6983b0e912b845aec9b,c3247b94c66d4968345e311737b624150b456b84b731bf55e03b59812ad32d2b,ae8d7dd35cd07c91cd158d35409c52440fc367f7e864b53aadc38d8a5b5a5e0c,nha_o_hoa_don,author_synthetic,true,ai_draft,train
seed_nha_o_hoa_don_dien_thoai_01_nd,tpl_nha_o_hoa_don_dien_thoai,eg_bd9732f628e52c3490919d9f4f0e39222f8d9c33e5972aa91e56a0c7cfc09e64,tpl_nha_o_hoa_don_dien_thoai,1c844e368c246107172d22ad35d7a8dbf9b58445047337a12a61fbe5f89e8dfd,22c4ca6f01b20799d659ecab781fbe3292e1492f418be6983b0e912b845aec9b,ae8d7dd35cd07c91cd158d35409c52440fc367f7e864b53aadc38d8a5b5a5e0c,ae8d7dd35cd07c91cd158d35409c52440fc367f7e864b53aadc38d8a5b5a5e0c,nha_o_hoa_don,author_synthetic,true,ai_draft,train
seed_nha_o_hoa_don_dien_thoai_02,tpl_nha_o_hoa_don_dien_thoai,eg_bd9732f628e52c3490919d9f4f0e39222f8d9c33e5972aa91e56a0c7cfc09e64,tpl_nha_o_hoa_don_dien_thoai,1c844e368c246107172d22ad35d7a8dbf9b58445047337a12a61fbe5f89e8dfd,8b021a74b2987900899708a73f8f0ce3986683b61e3fb9eb4c987a43125eaf35,8ca026a6e38b803244b4765925260944e2f8ffad18ecf8be4381e99e8bef4344,90acb2ff819ab7ea161afb5c2b6138595618d0f5414331ceea760dfc3a28d3dc,nha_o_hoa_don,author_synthetic,true,ai_draft,train
seed_nha_o_hoa_don_dien_thoai_02_nd,tpl_nha_o_hoa_don_dien_thoai,eg_bd9732f628e52c3490919d9f4f0e39222f8d9c33e5972aa91e56a0c7cfc09e64,tpl_nha_o_hoa_don_dien_thoai,1c844e368c246107172d22ad35d7a8dbf9b58445047337a12a61fbe5f89e8dfd,8b021a74b2987900899708a73f8f0ce3986683b61e3fb9eb4c987a43125eaf35,90acb2ff819ab7ea161afb5c2b6138595618d0f5414331ceea760dfc3a28d3dc,90acb2ff819ab7ea161afb5c2b6138595618d0f5414331ceea760dfc3a28d3dc,nha_o_hoa_don,author_synthetic,true,ai_draft,train
seed_nha_o_hoa_don_dien_thoai_03,tpl_nha_o_hoa_don_dien_thoai,eg_bd9732f628e52c3490919d9f4f0e39222f8d9c33e5972aa91e56a0c7cfc09e64,tpl_nha_o_hoa_don_dien_thoai,1c844e368c246107172d22ad35d7a8dbf9b58445047337a12a61fbe5f89e8dfd,d08d8dcd8abb3ee54c2897dd1785d55171b77d5b90eecf704c6370eeee4a5879,bd2240f8e566a0998d5120a69879f1dec282b59b4a1e5fcf50520a60c6e5b39a,534050252d2711889f3712547f4159e14ec0b990614397a863065c93cdaa578a,nha_o_hoa_don,author_synthetic,true,ai_draft,train
seed_nha_o_hoa_don_dien_thoai_03_nd,tpl_nha_o_hoa_don_dien_thoai,eg_bd9732f628e52c3490919d9f4f0e39222f8d9c33e5972aa91e56a0c7cfc09e64,tpl_nha_o_hoa_don_dien_thoai,1c844e368c246107172d22ad35d7a8dbf9b58445047337a12a61fbe5f89e8dfd,d08d8dcd8abb3ee54c2897dd1785d55171b77d5b90eecf704c6370eeee4a5879,534050252d2711889f3712547f4159e14ec0b990614397a863065c93cdaa578a,534050252d2711889f3712547f4159e14ec0b990614397a863065c93cdaa578a,nha_o_hoa_don,author_synthetic,true,ai_draft,train
seed_nha_o_hoa_don_dien_thoai_04,tpl_nha_o_hoa_don_dien_thoai,eg_bd9732f628e52c3490919d9f4f0e39222f8d9c33e5972aa91e56a0c7cfc09e64,tpl_nha_o_hoa_don_dien_thoai,1c844e368c246107172d22ad35d7a8dbf9b58445047337a12a61fbe5f89e8dfd,2001b35dc84bbaab7b1982c65506d52ef49af0f4168936c9c09cf04de2563f4f,0ca01441c714959069f8e79d97c7d358c83bfc299c6af4bdb3ccfa048e038b96,11acc8814077b040d7ed58388907e128a6bb0cb5d37fcd2535f450618afe2789,nha_o_hoa_don,author_synthetic,true,ai_draft,train
seed_nha_o_hoa_don_dien_thoai_04_nd,tpl_nha_o_hoa_don_dien_thoai,eg_bd9732f628e52c3490919d9f4f0e39222f8d9c33e5972aa91e56a0c7cfc09e64,tpl_nha_o_hoa_don_dien_thoai,1c844e368c246107172d22ad35d7a8dbf9b58445047337a12a61fbe5f89e8dfd,2001b35dc84bbaab7b1982c65506d52ef49af0f4168936c9c09cf04de2563f4f,11acc8814077b040d7ed58388907e128a6bb0cb5d37fcd2535f450618afe2789,11acc8814077b040d7ed58388907e128a6bb0cb5d37fcd2535f450618afe2789,nha_o_hoa_don,author_synthetic,true,ai_draft,train
seed_nha_o_hoa_don_dien_thoai_05,tpl_nha_o_hoa_don_dien_thoai,eg_bd9732f628e52c3490919d9f4f0e39222f8d9c33e5972aa91e56a0c7cfc09e64,tpl_nha_o_hoa_don_dien_thoai,1c844e368c246107172d22ad35d7a8dbf9b58445047337a12a61fbe5f89e8dfd,c06ca0520f5644bb0a00a0df8cceca1d9b7000160ca0e29262028da293446963,15e4e45fc62d30050a5b9fb033d1477e167559eccf0d9d21c4cfc4a220556279,74b80f9c70c5c4d404bca03d8bd4406287549a9419a0873601a46da19968d9e4,nha_o_hoa_don,author_synthetic,true,ai_draft,train
seed_nha_o_hoa_don_dien_thoai_05_nd,tpl_nha_o_hoa_don_dien_thoai,eg_bd9732f628e52c3490919d9f4f0e39222f8d9c33e5972aa91e56a0c7cfc09e64,tpl_nha_o_hoa_don_dien_thoai,1c844e368c246107172d22ad35d7a8dbf9b58445047337a12a61fbe5f89e8dfd,c06ca0520f5644bb0a00a0df8cceca1d9b7000160ca0e29262028da293446963,74b80f9c70c5c4d404bca03d8bd4406287549a9419a0873601a46da19968d9e4,74b80f9c70c5c4d404bca03d8bd4406287549a9419a0873601a46da19968d9e4,nha_o_hoa_don,author_synthetic,true,ai_draft,train
seed_nha_o_hoa_don_internet_01,tpl_nha_o_hoa_don_internet,eg_e753e448b17b5caf86f069132f6f15cbb2c56bd6d2a1bab5a7e0c68971922671,tpl_nha_o_hoa_don_internet,bc62ac5b855fa611ad8bf2759da8a0f4d2fff10642cd157db10804411dc6575c,6b7c2efe1752b66d82c900fb66421503c4abe89301eb260563033a2d6d91b1b3,aa1ad8a5de474677b923cbc68e77fcd570e2b44f9df63b4658a35f1331366198,90b15e3058a32cf6bc208bb21e858caca8bf67a45145dd071adc62f65f6a709c,nha_o_hoa_don,author_synthetic,true,ai_draft,test
seed_nha_o_hoa_don_internet_01_nd,tpl_nha_o_hoa_don_internet,eg_e753e448b17b5caf86f069132f6f15cbb2c56bd6d2a1bab5a7e0c68971922671,tpl_nha_o_hoa_don_internet,bc62ac5b855fa611ad8bf2759da8a0f4d2fff10642cd157db10804411dc6575c,6b7c2efe1752b66d82c900fb66421503c4abe89301eb260563033a2d6d91b1b3,90b15e3058a32cf6bc208bb21e858caca8bf67a45145dd071adc62f65f6a709c,90b15e3058a32cf6bc208bb21e858caca8bf67a45145dd071adc62f65f6a709c,nha_o_hoa_don,author_synthetic,true,ai_draft,test
seed_nha_o_hoa_don_internet_02,tpl_nha_o_hoa_don_internet,eg_e753e448b17b5caf86f069132f6f15cbb2c56bd6d2a1bab5a7e0c68971922671,tpl_nha_o_hoa_don_internet,bc62ac5b855fa611ad8bf2759da8a0f4d2fff10642cd157db10804411dc6575c,4f2fa52f4d3a5d205a4c2a9051f99081c166a9cfd43d57b230245f561003aa05,bde1b4f147bd82b111dc21f14af963ca55e7c3b2fed0775d25f8e2cc445921ff,2338524a8cdbbf2367bdc970a675eb24c08def9812161f953950b567e27db357,nha_o_hoa_don,author_synthetic,true,ai_draft,test
seed_nha_o_hoa_don_internet_02_nd,tpl_nha_o_hoa_don_internet,eg_e753e448b17b5caf86f069132f6f15cbb2c56bd6d2a1bab5a7e0c68971922671,tpl_nha_o_hoa_don_internet,bc62ac5b855fa611ad8bf2759da8a0f4d2fff10642cd157db10804411dc6575c,4f2fa52f4d3a5d205a4c2a9051f99081c166a9cfd43d57b230245f561003aa05,2338524a8cdbbf2367bdc970a675eb24c08def9812161f953950b567e27db357,2338524a8cdbbf2367bdc970a675eb24c08def9812161f953950b567e27db357,nha_o_hoa_don,author_synthetic,true,ai_draft,test
seed_nha_o_hoa_don_internet_03,tpl_nha_o_hoa_don_internet,eg_e753e448b17b5caf86f069132f6f15cbb2c56bd6d2a1bab5a7e0c68971922671,tpl_nha_o_hoa_don_internet,bc62ac5b855fa611ad8bf2759da8a0f4d2fff10642cd157db10804411dc6575c,97d0e6b1e57609373b5d7b0574ca94ed06d36fa9dafa18303f388706f9dcbd7f,13d0a05d682be4443fcd0761265afe69bec2beac1f27b5161da41a645728eea5,c8d2d9078678b80e1fb82819bea354fa4fef26483a2d0e047c4809da6b40b816,nha_o_hoa_don,author_synthetic,true,ai_draft,test
seed_nha_o_hoa_don_internet_03_nd,tpl_nha_o_hoa_don_internet,eg_e753e448b17b5caf86f069132f6f15cbb2c56bd6d2a1bab5a7e0c68971922671,tpl_nha_o_hoa_don_internet,bc62ac5b855fa611ad8bf2759da8a0f4d2fff10642cd157db10804411dc6575c,97d0e6b1e57609373b5d7b0574ca94ed06d36fa9dafa18303f388706f9dcbd7f,c8d2d9078678b80e1fb82819bea354fa4fef26483a2d0e047c4809da6b40b816,c8d2d9078678b80e1fb82819bea354fa4fef26483a2d0e047c4809da6b40b816,nha_o_hoa_don,author_synthetic,true,ai_draft,test
seed_nha_o_hoa_don_internet_04,tpl_nha_o_hoa_don_internet,eg_e753e448b17b5caf86f069132f6f15cbb2c56bd6d2a1bab5a7e0c68971922671,tpl_nha_o_hoa_don_internet,bc62ac5b855fa611ad8bf2759da8a0f4d2fff10642cd157db10804411dc6575c,354ee4a795a7ac2da93504bc311bb9d536073b6ba6d4e46bfc7380dd2b240d16,6f010e130d6b34bbced06ef2d6811f8d2b8db5857d5fc4309b77222e85dfbcf3,bef3be94b571d18f6a7637c872cf352dfd2172aca546f8e9ff68d2770d7d143a,nha_o_hoa_don,author_synthetic,true,ai_draft,test
seed_nha_o_hoa_don_internet_04_nd,tpl_nha_o_hoa_don_internet,eg_e753e448b17b5caf86f069132f6f15cbb2c56bd6d2a1bab5a7e0c68971922671,tpl_nha_o_hoa_don_internet,bc62ac5b855fa611ad8bf2759da8a0f4d2fff10642cd157db10804411dc6575c,354ee4a795a7ac2da93504bc311bb9d536073b6ba6d4e46bfc7380dd2b240d16,bef3be94b571d18f6a7637c872cf352dfd2172aca546f8e9ff68d2770d7d143a,bef3be94b571d18f6a7637c872cf352dfd2172aca546f8e9ff68d2770d7d143a,nha_o_hoa_don,author_synthetic,true,ai_draft,test
seed_nha_o_hoa_don_internet_05,tpl_nha_o_hoa_don_internet,eg_e753e448b17b5caf86f069132f6f15cbb2c56bd6d2a1bab5a7e0c68971922671,tpl_nha_o_hoa_don_internet,bc62ac5b855fa611ad8bf2759da8a0f4d2fff10642cd157db10804411dc6575c,a75343262fec148793f874dd604b8fa9f3af98cf729b2bbdcce714b8740e92d2,f96b078a40f201b397d6f639fdeba457788afc5b9e507f141f3a147742aabbaf,e51b0beb494e46929049ea1f28436f2a987cc275eee662b9aaa37db8135b1f60,nha_o_hoa_don,author_synthetic,true,ai_draft,test
seed_nha_o_hoa_don_internet_05_nd,tpl_nha_o_hoa_don_internet,eg_e753e448b17b5caf86f069132f6f15cbb2c56bd6d2a1bab5a7e0c68971922671,tpl_nha_o_hoa_don_internet,bc62ac5b855fa611ad8bf2759da8a0f4d2fff10642cd157db10804411dc6575c,a75343262fec148793f874dd604b8fa9f3af98cf729b2bbdcce714b8740e92d2,e51b0beb494e46929049ea1f28436f2a987cc275eee662b9aaa37db8135b1f60,e51b0beb494e46929049ea1f28436f2a987cc275eee662b9aaa37db8135b1f60,nha_o_hoa_don,author_synthetic,true,ai_draft,test
seed_nha_o_hoa_don_thue_o_01,tpl_nha_o_hoa_don_thue_o,eg_9ae4907ba8445b54e1aa6a9252cf2cfc7af2d1c15e35f84391288c07daeab200,tpl_nha_o_hoa_don_thue_o,9f9ad0c89c4731887db94f1208150f5441cecb99493a2d2c23952376b9bfc221,2891d70c6de011b4a3cf814e89585fd22b329f7af0d0d1c032e0454386bf32c2,a33edc9960ce342d4bc8a924c5276fb254cdff6e9167db04e8e477a5fe7b0ee6,a3e96308d910e18d17cbb5d92c4cd4e299dcbbdbce376ee080a92770a437c27e,nha_o_hoa_don,author_synthetic,true,ai_draft,validation
seed_nha_o_hoa_don_thue_o_01_nd,tpl_nha_o_hoa_don_thue_o,eg_9ae4907ba8445b54e1aa6a9252cf2cfc7af2d1c15e35f84391288c07daeab200,tpl_nha_o_hoa_don_thue_o,9f9ad0c89c4731887db94f1208150f5441cecb99493a2d2c23952376b9bfc221,2891d70c6de011b4a3cf814e89585fd22b329f7af0d0d1c032e0454386bf32c2,a3e96308d910e18d17cbb5d92c4cd4e299dcbbdbce376ee080a92770a437c27e,a3e96308d910e18d17cbb5d92c4cd4e299dcbbdbce376ee080a92770a437c27e,nha_o_hoa_don,author_synthetic,true,ai_draft,validation
seed_nha_o_hoa_don_thue_o_02,tpl_nha_o_hoa_don_thue_o,eg_9ae4907ba8445b54e1aa6a9252cf2cfc7af2d1c15e35f84391288c07daeab200,tpl_nha_o_hoa_don_thue_o,9f9ad0c89c4731887db94f1208150f5441cecb99493a2d2c23952376b9bfc221,709f83a7221fd3b2796d05be1d95a22fe4e8f4c54d45924796768677e836a702,4f0d5d0f37b106fd7b99610c7ab2d0e95cb18662351ae5d8407c0d022f3b0ae7,8c35720b7f3fb9f24ed2a2d9fab9742cc02378598326ff970139e387aec84d83,nha_o_hoa_don,author_synthetic,true,ai_draft,validation
seed_nha_o_hoa_don_thue_o_02_nd,tpl_nha_o_hoa_don_thue_o,eg_9ae4907ba8445b54e1aa6a9252cf2cfc7af2d1c15e35f84391288c07daeab200,tpl_nha_o_hoa_don_thue_o,9f9ad0c89c4731887db94f1208150f5441cecb99493a2d2c23952376b9bfc221,709f83a7221fd3b2796d05be1d95a22fe4e8f4c54d45924796768677e836a702,8c35720b7f3fb9f24ed2a2d9fab9742cc02378598326ff970139e387aec84d83,8c35720b7f3fb9f24ed2a2d9fab9742cc02378598326ff970139e387aec84d83,nha_o_hoa_don,author_synthetic,true,ai_draft,validation
seed_nha_o_hoa_don_thue_o_03,tpl_nha_o_hoa_don_thue_o,eg_9ae4907ba8445b54e1aa6a9252cf2cfc7af2d1c15e35f84391288c07daeab200,tpl_nha_o_hoa_don_thue_o,9f9ad0c89c4731887db94f1208150f5441cecb99493a2d2c23952376b9bfc221,0c44658a6e24b19ad7cf72b6094e662774809fc68f78841e6667211a72dc85aa,0fc8d75269ba1fc3cfe103458338b32080190b26becc5a5403c21bc0fa524274,e587072f9862b5f79f0d81d9bac70a8bd242f84532f9f64fc2454a2715444f44,nha_o_hoa_don,author_synthetic,true,ai_draft,validation
seed_nha_o_hoa_don_thue_o_03_nd,tpl_nha_o_hoa_don_thue_o,eg_9ae4907ba8445b54e1aa6a9252cf2cfc7af2d1c15e35f84391288c07daeab200,tpl_nha_o_hoa_don_thue_o,9f9ad0c89c4731887db94f1208150f5441cecb99493a2d2c23952376b9bfc221,0c44658a6e24b19ad7cf72b6094e662774809fc68f78841e6667211a72dc85aa,e587072f9862b5f79f0d81d9bac70a8bd242f84532f9f64fc2454a2715444f44,e587072f9862b5f79f0d81d9bac70a8bd242f84532f9f64fc2454a2715444f44,nha_o_hoa_don,author_synthetic,true,ai_draft,validation
seed_nha_o_hoa_don_thue_o_04,tpl_nha_o_hoa_don_thue_o,eg_9ae4907ba8445b54e1aa6a9252cf2cfc7af2d1c15e35f84391288c07daeab200,tpl_nha_o_hoa_don_thue_o,9f9ad0c89c4731887db94f1208150f5441cecb99493a2d2c23952376b9bfc221,7ac86fff3836496abfaebac951f2e93e29cda912bff127565c2570a1dedb6b84,9cb3ba1b8bd50ee98326b8ae76a2c587097be48ed5a3d470b0a5ffc78a9d5b5e,4f5ffd578f73dca1ab3d018cd8e330d07d39f3b3b1591b69b2e00532dbc6227e,nha_o_hoa_don,author_synthetic,true,ai_draft,validation
seed_nha_o_hoa_don_thue_o_04_nd,tpl_nha_o_hoa_don_thue_o,eg_9ae4907ba8445b54e1aa6a9252cf2cfc7af2d1c15e35f84391288c07daeab200,tpl_nha_o_hoa_don_thue_o,9f9ad0c89c4731887db94f1208150f5441cecb99493a2d2c23952376b9bfc221,7ac86fff3836496abfaebac951f2e93e29cda912bff127565c2570a1dedb6b84,4f5ffd578f73dca1ab3d018cd8e330d07d39f3b3b1591b69b2e00532dbc6227e,4f5ffd578f73dca1ab3d018cd8e330d07d39f3b3b1591b69b2e00532dbc6227e,nha_o_hoa_don,author_synthetic,true,ai_draft,validation
seed_nha_o_hoa_don_thue_o_05,tpl_nha_o_hoa_don_thue_o,eg_9ae4907ba8445b54e1aa6a9252cf2cfc7af2d1c15e35f84391288c07daeab200,tpl_nha_o_hoa_don_thue_o,9f9ad0c89c4731887db94f1208150f5441cecb99493a2d2c23952376b9bfc221,c297db3554dbd3b05f655754a8854c7e719e2aa6a81472b3aa5ba45caa53075d,87056bbabc0e2068ba8b74abb2c1acb58a13e672a959f36152747b0c16c88893,55f890c0c7782c7a2966d6011c24acf9e7df31e6a3dae0395a09c7e8ac4de3eb,nha_o_hoa_don,author_synthetic,true,ai_draft,validation
seed_nha_o_hoa_don_thue_o_05_nd,tpl_nha_o_hoa_don_thue_o,eg_9ae4907ba8445b54e1aa6a9252cf2cfc7af2d1c15e35f84391288c07daeab200,tpl_nha_o_hoa_don_thue_o,9f9ad0c89c4731887db94f1208150f5441cecb99493a2d2c23952376b9bfc221,c297db3554dbd3b05f655754a8854c7e719e2aa6a81472b3aa5ba45caa53075d,55f890c0c7782c7a2966d6011c24acf9e7df31e6a3dae0395a09c7e8ac4de3eb,55f890c0c7782c7a2966d6011c24acf9e7df31e6a3dae0395a09c7e8ac4de3eb,nha_o_hoa_don,author_synthetic,true,ai_draft,validation
seed_suc_khoe_dung_cu_y_te_01,tpl_suc_khoe_dung_cu_y_te,eg_8c4413ad48adb8ab801b0e0e68c3ded9f27d60e9b732caadab1e4255d48b6ba6,tpl_suc_khoe_dung_cu_y_te,d721f7ea3c04680bd71627b5d7bbbcf2a4bd0f6c709541621274ce92a2404a0d,91d617a5c19167a8f165bf844f83c0b3a2213b473d9f6b23a803abce36492b6c,ee27aefd4e63958e56c0af57a0bdada45927a2bbf9c5a42d90211c8290e33f5e,35e4c2e34d18b9944008ffd7a916369c979200fea0ce5d3f1048bbf4467c6d31,suc_khoe,author_synthetic,true,ai_draft,test
seed_suc_khoe_dung_cu_y_te_01_nd,tpl_suc_khoe_dung_cu_y_te,eg_8c4413ad48adb8ab801b0e0e68c3ded9f27d60e9b732caadab1e4255d48b6ba6,tpl_suc_khoe_dung_cu_y_te,d721f7ea3c04680bd71627b5d7bbbcf2a4bd0f6c709541621274ce92a2404a0d,91d617a5c19167a8f165bf844f83c0b3a2213b473d9f6b23a803abce36492b6c,35e4c2e34d18b9944008ffd7a916369c979200fea0ce5d3f1048bbf4467c6d31,35e4c2e34d18b9944008ffd7a916369c979200fea0ce5d3f1048bbf4467c6d31,suc_khoe,author_synthetic,true,ai_draft,test
seed_suc_khoe_dung_cu_y_te_02,tpl_suc_khoe_dung_cu_y_te,eg_8c4413ad48adb8ab801b0e0e68c3ded9f27d60e9b732caadab1e4255d48b6ba6,tpl_suc_khoe_dung_cu_y_te,d721f7ea3c04680bd71627b5d7bbbcf2a4bd0f6c709541621274ce92a2404a0d,88c646e56e0bc474aafc15ba393c97f84b3699da7461a2f3bd5e4dc0fcbebcc6,d559e2ab89d38110e86bc537abdcb420b191edb5ed4f33f09dda8ff54ec0354f,64c8b35676c08d1704d0de364e850ee509e375f923d526b4712aa3448f232ced,suc_khoe,author_synthetic,true,ai_draft,test
seed_suc_khoe_dung_cu_y_te_02_nd,tpl_suc_khoe_dung_cu_y_te,eg_8c4413ad48adb8ab801b0e0e68c3ded9f27d60e9b732caadab1e4255d48b6ba6,tpl_suc_khoe_dung_cu_y_te,d721f7ea3c04680bd71627b5d7bbbcf2a4bd0f6c709541621274ce92a2404a0d,88c646e56e0bc474aafc15ba393c97f84b3699da7461a2f3bd5e4dc0fcbebcc6,64c8b35676c08d1704d0de364e850ee509e375f923d526b4712aa3448f232ced,64c8b35676c08d1704d0de364e850ee509e375f923d526b4712aa3448f232ced,suc_khoe,author_synthetic,true,ai_draft,test
seed_suc_khoe_dung_cu_y_te_03,tpl_suc_khoe_dung_cu_y_te,eg_8c4413ad48adb8ab801b0e0e68c3ded9f27d60e9b732caadab1e4255d48b6ba6,tpl_suc_khoe_dung_cu_y_te,d721f7ea3c04680bd71627b5d7bbbcf2a4bd0f6c709541621274ce92a2404a0d,05ccba2b9beba53153397d19f3b686dff5cd0a73823907b342b0584dee67a169,8c94b687f864668f2046c66834bb8a050eba4640e9a5c165992a02744a621382,68eb9292fb7b3d266a75569613f7a3f697f80a9f5e7c7b6a8978b61a709fa403,suc_khoe,author_synthetic,true,ai_draft,test
seed_suc_khoe_dung_cu_y_te_03_nd,tpl_suc_khoe_dung_cu_y_te,eg_8c4413ad48adb8ab801b0e0e68c3ded9f27d60e9b732caadab1e4255d48b6ba6,tpl_suc_khoe_dung_cu_y_te,d721f7ea3c04680bd71627b5d7bbbcf2a4bd0f6c709541621274ce92a2404a0d,05ccba2b9beba53153397d19f3b686dff5cd0a73823907b342b0584dee67a169,68eb9292fb7b3d266a75569613f7a3f697f80a9f5e7c7b6a8978b61a709fa403,68eb9292fb7b3d266a75569613f7a3f697f80a9f5e7c7b6a8978b61a709fa403,suc_khoe,author_synthetic,true,ai_draft,test
seed_suc_khoe_dung_cu_y_te_04,tpl_suc_khoe_dung_cu_y_te,eg_8c4413ad48adb8ab801b0e0e68c3ded9f27d60e9b732caadab1e4255d48b6ba6,tpl_suc_khoe_dung_cu_y_te,d721f7ea3c04680bd71627b5d7bbbcf2a4bd0f6c709541621274ce92a2404a0d,44b673752adcb55884c53c8931995f01e1a2219f0ff374c68a0a61026dbab824,8aa3baea7c2b3093209ecdfafa3425c26c9292e95ce3f79ded9cabc39417779a,81cb70f86fc54e534d044388798af29c3997ded486e2189b24c106d00faad4f0,suc_khoe,author_synthetic,true,ai_draft,test
seed_suc_khoe_dung_cu_y_te_04_nd,tpl_suc_khoe_dung_cu_y_te,eg_8c4413ad48adb8ab801b0e0e68c3ded9f27d60e9b732caadab1e4255d48b6ba6,tpl_suc_khoe_dung_cu_y_te,d721f7ea3c04680bd71627b5d7bbbcf2a4bd0f6c709541621274ce92a2404a0d,44b673752adcb55884c53c8931995f01e1a2219f0ff374c68a0a61026dbab824,81cb70f86fc54e534d044388798af29c3997ded486e2189b24c106d00faad4f0,81cb70f86fc54e534d044388798af29c3997ded486e2189b24c106d00faad4f0,suc_khoe,author_synthetic,true,ai_draft,test
seed_suc_khoe_dung_cu_y_te_05,tpl_suc_khoe_dung_cu_y_te,eg_8c4413ad48adb8ab801b0e0e68c3ded9f27d60e9b732caadab1e4255d48b6ba6,tpl_suc_khoe_dung_cu_y_te,d721f7ea3c04680bd71627b5d7bbbcf2a4bd0f6c709541621274ce92a2404a0d,5afe1ead214d6e1a28c620cf05bfa33a954781caccb0e6c8cac48bd23b0200a0,0f1c9e124322fc25173ae051f6e5a898e53099b0ace93c08ecb3abcae4d8d3d3,6173a7eb0a04cf1a3265a5a1968d58a5634ed41c1d82582806e2c9ab48d3266c,suc_khoe,author_synthetic,true,ai_draft,test
seed_suc_khoe_dung_cu_y_te_05_nd,tpl_suc_khoe_dung_cu_y_te,eg_8c4413ad48adb8ab801b0e0e68c3ded9f27d60e9b732caadab1e4255d48b6ba6,tpl_suc_khoe_dung_cu_y_te,d721f7ea3c04680bd71627b5d7bbbcf2a4bd0f6c709541621274ce92a2404a0d,5afe1ead214d6e1a28c620cf05bfa33a954781caccb0e6c8cac48bd23b0200a0,6173a7eb0a04cf1a3265a5a1968d58a5634ed41c1d82582806e2c9ab48d3266c,6173a7eb0a04cf1a3265a5a1968d58a5634ed41c1d82582806e2c9ab48d3266c,suc_khoe,author_synthetic,true,ai_draft,test
seed_suc_khoe_kham_01,tpl_suc_khoe_kham,eg_e698ae78c3dbfc9252b11d44d54803b7fd1237c9f6ebc67f00de8bb372f26649,tpl_suc_khoe_kham,56ac8092e648bef68266c0a0747cf2c9e6001bd3d9548cfee45c633021e1f957,666dc07d96a95b67c5c15214befd4a06ef93418020c2ca0295e723cc7e90e0a2,c0923b1c3381f00f56d97a3deefbce5c7e6a5029faaf134119f7f66ba04d0570,57392dad7561476fe5022fdfcb10db4d1c67bad43825d671ca193f22346d3fe9,suc_khoe,author_synthetic,true,ai_draft,train
seed_suc_khoe_kham_01_nd,tpl_suc_khoe_kham,eg_e698ae78c3dbfc9252b11d44d54803b7fd1237c9f6ebc67f00de8bb372f26649,tpl_suc_khoe_kham,56ac8092e648bef68266c0a0747cf2c9e6001bd3d9548cfee45c633021e1f957,666dc07d96a95b67c5c15214befd4a06ef93418020c2ca0295e723cc7e90e0a2,57392dad7561476fe5022fdfcb10db4d1c67bad43825d671ca193f22346d3fe9,57392dad7561476fe5022fdfcb10db4d1c67bad43825d671ca193f22346d3fe9,suc_khoe,author_synthetic,true,ai_draft,train
seed_suc_khoe_kham_02,tpl_suc_khoe_kham,eg_e698ae78c3dbfc9252b11d44d54803b7fd1237c9f6ebc67f00de8bb372f26649,tpl_suc_khoe_kham,56ac8092e648bef68266c0a0747cf2c9e6001bd3d9548cfee45c633021e1f957,7b6ce778511195ea8302807e8514413aa9a6ab9f65cd3221426ce03473c0886e,584eeedfc27f577bae554036d54d276867f66d2247076203b8e362e53975f48d,ba4b18df85f36dfa477106c9d9a6271dbb8833061acf748e15e39a729cdea829,suc_khoe,author_synthetic,true,ai_draft,train
seed_suc_khoe_kham_02_nd,tpl_suc_khoe_kham,eg_e698ae78c3dbfc9252b11d44d54803b7fd1237c9f6ebc67f00de8bb372f26649,tpl_suc_khoe_kham,56ac8092e648bef68266c0a0747cf2c9e6001bd3d9548cfee45c633021e1f957,7b6ce778511195ea8302807e8514413aa9a6ab9f65cd3221426ce03473c0886e,ba4b18df85f36dfa477106c9d9a6271dbb8833061acf748e15e39a729cdea829,ba4b18df85f36dfa477106c9d9a6271dbb8833061acf748e15e39a729cdea829,suc_khoe,author_synthetic,true,ai_draft,train
seed_suc_khoe_kham_03,tpl_suc_khoe_kham,eg_e698ae78c3dbfc9252b11d44d54803b7fd1237c9f6ebc67f00de8bb372f26649,tpl_suc_khoe_kham,56ac8092e648bef68266c0a0747cf2c9e6001bd3d9548cfee45c633021e1f957,3619588dc0aa796d1fcf9fb03347b0e4f704ceb02b4c8ae4599f65d244f33808,87336922a7b8d91a9ad81485af6695cafee0f212b3a71fea0b70dde4665e7f58,229d724a8c70ccf42184d80c1e32ae062179bb89526f0869bd9f6fefc5ea60fc,suc_khoe,author_synthetic,true,ai_draft,train
seed_suc_khoe_kham_03_nd,tpl_suc_khoe_kham,eg_e698ae78c3dbfc9252b11d44d54803b7fd1237c9f6ebc67f00de8bb372f26649,tpl_suc_khoe_kham,56ac8092e648bef68266c0a0747cf2c9e6001bd3d9548cfee45c633021e1f957,3619588dc0aa796d1fcf9fb03347b0e4f704ceb02b4c8ae4599f65d244f33808,229d724a8c70ccf42184d80c1e32ae062179bb89526f0869bd9f6fefc5ea60fc,229d724a8c70ccf42184d80c1e32ae062179bb89526f0869bd9f6fefc5ea60fc,suc_khoe,author_synthetic,true,ai_draft,train
seed_suc_khoe_kham_04,tpl_suc_khoe_kham,eg_e698ae78c3dbfc9252b11d44d54803b7fd1237c9f6ebc67f00de8bb372f26649,tpl_suc_khoe_kham,56ac8092e648bef68266c0a0747cf2c9e6001bd3d9548cfee45c633021e1f957,a959d2414e99ef81821dc8de5ca175c0aecb5cb2669edea7fd073ff51c350f21,f79034195a8128a050d047f12f01ef10de6e7893a1c44f417b83507345edecd4,a7e5b84a01e6c0057851698d43dba5a5685b9e753bad0d888ea0d14619d2fc86,suc_khoe,author_synthetic,true,ai_draft,train
seed_suc_khoe_kham_04_nd,tpl_suc_khoe_kham,eg_e698ae78c3dbfc9252b11d44d54803b7fd1237c9f6ebc67f00de8bb372f26649,tpl_suc_khoe_kham,56ac8092e648bef68266c0a0747cf2c9e6001bd3d9548cfee45c633021e1f957,a959d2414e99ef81821dc8de5ca175c0aecb5cb2669edea7fd073ff51c350f21,a7e5b84a01e6c0057851698d43dba5a5685b9e753bad0d888ea0d14619d2fc86,a7e5b84a01e6c0057851698d43dba5a5685b9e753bad0d888ea0d14619d2fc86,suc_khoe,author_synthetic,true,ai_draft,train
seed_suc_khoe_kham_05,tpl_suc_khoe_kham,eg_e698ae78c3dbfc9252b11d44d54803b7fd1237c9f6ebc67f00de8bb372f26649,tpl_suc_khoe_kham,56ac8092e648bef68266c0a0747cf2c9e6001bd3d9548cfee45c633021e1f957,664a1cfd98bef1d0aa8f32d32c017656c8d4fa51ac2c6a22b8687072a11a026e,c4ca3b274181fc39dbe69f877be864f07cf9b97e830737dcc18a5509b296358d,bb2f881f62286dea13b2293414e353c02277c7c78aa9912ec0651804e978f02a,suc_khoe,author_synthetic,true,ai_draft,train
seed_suc_khoe_kham_05_nd,tpl_suc_khoe_kham,eg_e698ae78c3dbfc9252b11d44d54803b7fd1237c9f6ebc67f00de8bb372f26649,tpl_suc_khoe_kham,56ac8092e648bef68266c0a0747cf2c9e6001bd3d9548cfee45c633021e1f957,664a1cfd98bef1d0aa8f32d32c017656c8d4fa51ac2c6a22b8687072a11a026e,bb2f881f62286dea13b2293414e353c02277c7c78aa9912ec0651804e978f02a,bb2f881f62286dea13b2293414e353c02277c7c78aa9912ec0651804e978f02a,suc_khoe,author_synthetic,true,ai_draft,train
seed_suc_khoe_thuoc_01,tpl_suc_khoe_thuoc,eg_25b5125a76191c9d7bd18fbf97aa3d9d09f72720eeef0aae42e1ea0bf5c2d1bb,tpl_suc_khoe_thuoc,512b634bca37a34f750a433803b5e7be72a13513df208db30b0428c5a8071f1b,4f9f57977c5f1b76d7acbf199f6c5e558d224a8b998e5bfbfa01ebfbb4207e0b,cda14eb92ecf78f06e513cd761d5365d04f3fc91db88ee456924f9c60d18202e,792397186d715132836b732b04ba63231dc09f45030e83460d0ee55d92a1b09c,suc_khoe,author_synthetic,true,ai_draft,train
seed_suc_khoe_thuoc_01_nd,tpl_suc_khoe_thuoc,eg_25b5125a76191c9d7bd18fbf97aa3d9d09f72720eeef0aae42e1ea0bf5c2d1bb,tpl_suc_khoe_thuoc,512b634bca37a34f750a433803b5e7be72a13513df208db30b0428c5a8071f1b,4f9f57977c5f1b76d7acbf199f6c5e558d224a8b998e5bfbfa01ebfbb4207e0b,792397186d715132836b732b04ba63231dc09f45030e83460d0ee55d92a1b09c,792397186d715132836b732b04ba63231dc09f45030e83460d0ee55d92a1b09c,suc_khoe,author_synthetic,true,ai_draft,train
seed_suc_khoe_thuoc_02,tpl_suc_khoe_thuoc,eg_25b5125a76191c9d7bd18fbf97aa3d9d09f72720eeef0aae42e1ea0bf5c2d1bb,tpl_suc_khoe_thuoc,512b634bca37a34f750a433803b5e7be72a13513df208db30b0428c5a8071f1b,9239dcc611217b816d599d0d342b04881e8266fb39ff974dd0509d5dfd8c5486,63158a2ca84ce94250ca686f13c977ab9936e51123df308bb5696e5f37b8a26c,c5cb811f0ad9fb98018c4f5669c17ac26806de5dff6142962d1ac81e4f52cf45,suc_khoe,author_synthetic,true,ai_draft,train
seed_suc_khoe_thuoc_02_nd,tpl_suc_khoe_thuoc,eg_25b5125a76191c9d7bd18fbf97aa3d9d09f72720eeef0aae42e1ea0bf5c2d1bb,tpl_suc_khoe_thuoc,512b634bca37a34f750a433803b5e7be72a13513df208db30b0428c5a8071f1b,9239dcc611217b816d599d0d342b04881e8266fb39ff974dd0509d5dfd8c5486,c5cb811f0ad9fb98018c4f5669c17ac26806de5dff6142962d1ac81e4f52cf45,c5cb811f0ad9fb98018c4f5669c17ac26806de5dff6142962d1ac81e4f52cf45,suc_khoe,author_synthetic,true,ai_draft,train
seed_suc_khoe_thuoc_03,tpl_suc_khoe_thuoc,eg_25b5125a76191c9d7bd18fbf97aa3d9d09f72720eeef0aae42e1ea0bf5c2d1bb,tpl_suc_khoe_thuoc,512b634bca37a34f750a433803b5e7be72a13513df208db30b0428c5a8071f1b,6141b39843595380073c99c658cb238e45433c0b7526e660fe4909abd30fce12,c7514782f96fa3de664897ecee16f343c6c66dc6db4e417bd382874734adce65,9633d37b6f7fae2416bbcd8781d171532b818c31326a3131a3ed967fc61a196d,suc_khoe,author_synthetic,true,ai_draft,train
seed_suc_khoe_thuoc_03_nd,tpl_suc_khoe_thuoc,eg_25b5125a76191c9d7bd18fbf97aa3d9d09f72720eeef0aae42e1ea0bf5c2d1bb,tpl_suc_khoe_thuoc,512b634bca37a34f750a433803b5e7be72a13513df208db30b0428c5a8071f1b,6141b39843595380073c99c658cb238e45433c0b7526e660fe4909abd30fce12,9633d37b6f7fae2416bbcd8781d171532b818c31326a3131a3ed967fc61a196d,9633d37b6f7fae2416bbcd8781d171532b818c31326a3131a3ed967fc61a196d,suc_khoe,author_synthetic,true,ai_draft,train
seed_suc_khoe_thuoc_04,tpl_suc_khoe_thuoc,eg_25b5125a76191c9d7bd18fbf97aa3d9d09f72720eeef0aae42e1ea0bf5c2d1bb,tpl_suc_khoe_thuoc,512b634bca37a34f750a433803b5e7be72a13513df208db30b0428c5a8071f1b,37499c211a88b0b763b517a61ef58a4a94927bcf72beb1e8666b2dae1c1938dc,2c07bfa0688494023dccd164a3d74d7877db5e49ca71d7373cbf7275600285f6,b855e17db2fb8af9fa108e33aaaceeaf428b21c2686ae83a9018654b7e08f054,suc_khoe,author_synthetic,true,ai_draft,train
seed_suc_khoe_thuoc_04_nd,tpl_suc_khoe_thuoc,eg_25b5125a76191c9d7bd18fbf97aa3d9d09f72720eeef0aae42e1ea0bf5c2d1bb,tpl_suc_khoe_thuoc,512b634bca37a34f750a433803b5e7be72a13513df208db30b0428c5a8071f1b,37499c211a88b0b763b517a61ef58a4a94927bcf72beb1e8666b2dae1c1938dc,b855e17db2fb8af9fa108e33aaaceeaf428b21c2686ae83a9018654b7e08f054,b855e17db2fb8af9fa108e33aaaceeaf428b21c2686ae83a9018654b7e08f054,suc_khoe,author_synthetic,true,ai_draft,train
seed_suc_khoe_thuoc_05,tpl_suc_khoe_thuoc,eg_25b5125a76191c9d7bd18fbf97aa3d9d09f72720eeef0aae42e1ea0bf5c2d1bb,tpl_suc_khoe_thuoc,512b634bca37a34f750a433803b5e7be72a13513df208db30b0428c5a8071f1b,37c575e079250aef420f4c3977c848b110585c980c1ee58e5285bb345a4c88c8,fef6685541b41ba577ff6623fc4ecd4a3e5debd2cf2765dbd738f8d0dfbf81dc,6746cb16f18ba74325299ca0efac22bf5bbaa5fad807874d150a5018a63e2743,suc_khoe,author_synthetic,true,ai_draft,train
seed_suc_khoe_thuoc_05_nd,tpl_suc_khoe_thuoc,eg_25b5125a76191c9d7bd18fbf97aa3d9d09f72720eeef0aae42e1ea0bf5c2d1bb,tpl_suc_khoe_thuoc,512b634bca37a34f750a433803b5e7be72a13513df208db30b0428c5a8071f1b,37c575e079250aef420f4c3977c848b110585c980c1ee58e5285bb345a4c88c8,6746cb16f18ba74325299ca0efac22bf5bbaa5fad807874d150a5018a63e2743,6746cb16f18ba74325299ca0efac22bf5bbaa5fad807874d150a5018a63e2743,suc_khoe,author_synthetic,true,ai_draft,train
seed_suc_khoe_xet_nghiem_01,tpl_suc_khoe_xet_nghiem,eg_a89509676fb2d6448b808605569d5d165b7cd961584978184793831220fd404f,tpl_suc_khoe_xet_nghiem,121abb58829964d4251a65333df9b1462ffd5c10a3891cbf0bfdb1055271771d,44749b0f11018e1b3c29a76394476d432b8c8fcce93179fed478b50c8bf1c7b1,18ff0af339923e5bbf9fbdf913e7cd4d8aed909044ea3e20d44c186d95f32e05,495629a80380e48f122a85e954d49edf51094270e6d0c96c6d391c02d5a8e4d1,suc_khoe,author_synthetic,true,ai_draft,train
seed_suc_khoe_xet_nghiem_01_nd,tpl_suc_khoe_xet_nghiem,eg_a89509676fb2d6448b808605569d5d165b7cd961584978184793831220fd404f,tpl_suc_khoe_xet_nghiem,121abb58829964d4251a65333df9b1462ffd5c10a3891cbf0bfdb1055271771d,44749b0f11018e1b3c29a76394476d432b8c8fcce93179fed478b50c8bf1c7b1,495629a80380e48f122a85e954d49edf51094270e6d0c96c6d391c02d5a8e4d1,495629a80380e48f122a85e954d49edf51094270e6d0c96c6d391c02d5a8e4d1,suc_khoe,author_synthetic,true,ai_draft,train
seed_suc_khoe_xet_nghiem_02,tpl_suc_khoe_xet_nghiem,eg_a89509676fb2d6448b808605569d5d165b7cd961584978184793831220fd404f,tpl_suc_khoe_xet_nghiem,121abb58829964d4251a65333df9b1462ffd5c10a3891cbf0bfdb1055271771d,634b4df1f447053a0d4f7bfe5b4beb505a8f886b65c5b3c75e4321e31203ce2e,eebf92bea9426d935cf3fdbde65fa6e6226f98dbaffe6375e34345d61d3a3680,0d735b78c7c46ab15f64c27178f44565444414922b13e78eac21a7d4cf3b6298,suc_khoe,author_synthetic,true,ai_draft,train
seed_suc_khoe_xet_nghiem_02_nd,tpl_suc_khoe_xet_nghiem,eg_a89509676fb2d6448b808605569d5d165b7cd961584978184793831220fd404f,tpl_suc_khoe_xet_nghiem,121abb58829964d4251a65333df9b1462ffd5c10a3891cbf0bfdb1055271771d,634b4df1f447053a0d4f7bfe5b4beb505a8f886b65c5b3c75e4321e31203ce2e,0d735b78c7c46ab15f64c27178f44565444414922b13e78eac21a7d4cf3b6298,0d735b78c7c46ab15f64c27178f44565444414922b13e78eac21a7d4cf3b6298,suc_khoe,author_synthetic,true,ai_draft,train
seed_suc_khoe_xet_nghiem_03,tpl_suc_khoe_xet_nghiem,eg_a89509676fb2d6448b808605569d5d165b7cd961584978184793831220fd404f,tpl_suc_khoe_xet_nghiem,121abb58829964d4251a65333df9b1462ffd5c10a3891cbf0bfdb1055271771d,32edbc58d81af1e54306a9e4c9111edad354df3facbe9d7ea20bfaab1b20a7b9,b569fafd5b8cf205f713f64db8fc683ad283e681b611a27a977462e71a59c9a7,4804374a9bcf25fe0537faa0a760d20ecc12bf0e747312f991b24de5dfa1d11a,suc_khoe,author_synthetic,true,ai_draft,train
seed_suc_khoe_xet_nghiem_03_nd,tpl_suc_khoe_xet_nghiem,eg_a89509676fb2d6448b808605569d5d165b7cd961584978184793831220fd404f,tpl_suc_khoe_xet_nghiem,121abb58829964d4251a65333df9b1462ffd5c10a3891cbf0bfdb1055271771d,32edbc58d81af1e54306a9e4c9111edad354df3facbe9d7ea20bfaab1b20a7b9,4804374a9bcf25fe0537faa0a760d20ecc12bf0e747312f991b24de5dfa1d11a,4804374a9bcf25fe0537faa0a760d20ecc12bf0e747312f991b24de5dfa1d11a,suc_khoe,author_synthetic,true,ai_draft,train
seed_suc_khoe_xet_nghiem_04,tpl_suc_khoe_xet_nghiem,eg_a89509676fb2d6448b808605569d5d165b7cd961584978184793831220fd404f,tpl_suc_khoe_xet_nghiem,121abb58829964d4251a65333df9b1462ffd5c10a3891cbf0bfdb1055271771d,d744a4a20a5bb079f1736a89a792bae8d29149d4f05ab572da6314d299842010,c2cc448c001c2d04b5bfb05387712b51130d1d1ce35ba83b7ffb9270f62565ef,3418cf7953b8bb10ffaabeb8cf7a3c38efa74cb5d52b86e88d695be3d7611c3b,suc_khoe,author_synthetic,true,ai_draft,train
seed_suc_khoe_xet_nghiem_04_nd,tpl_suc_khoe_xet_nghiem,eg_a89509676fb2d6448b808605569d5d165b7cd961584978184793831220fd404f,tpl_suc_khoe_xet_nghiem,121abb58829964d4251a65333df9b1462ffd5c10a3891cbf0bfdb1055271771d,d744a4a20a5bb079f1736a89a792bae8d29149d4f05ab572da6314d299842010,3418cf7953b8bb10ffaabeb8cf7a3c38efa74cb5d52b86e88d695be3d7611c3b,3418cf7953b8bb10ffaabeb8cf7a3c38efa74cb5d52b86e88d695be3d7611c3b,suc_khoe,author_synthetic,true,ai_draft,train
seed_suc_khoe_xet_nghiem_05,tpl_suc_khoe_xet_nghiem,eg_a89509676fb2d6448b808605569d5d165b7cd961584978184793831220fd404f,tpl_suc_khoe_xet_nghiem,121abb58829964d4251a65333df9b1462ffd5c10a3891cbf0bfdb1055271771d,1c255f6a29d3c592914edb02d637b737a545c81c65fb65a59c159868bb0fd622,76f5636cbb86f08f38e2d0bd89f8d19716d96fbc4dd62133c06f3912ff1971d1,eef5503e9f9abcade7242fc1d06eaca554fa2de284e32d35d73193b34064a02d,suc_khoe,author_synthetic,true,ai_draft,train
seed_suc_khoe_xet_nghiem_05_nd,tpl_suc_khoe_xet_nghiem,eg_a89509676fb2d6448b808605569d5d165b7cd961584978184793831220fd404f,tpl_suc_khoe_xet_nghiem,121abb58829964d4251a65333df9b1462ffd5c10a3891cbf0bfdb1055271771d,1c255f6a29d3c592914edb02d637b737a545c81c65fb65a59c159868bb0fd622,eef5503e9f9abcade7242fc1d06eaca554fa2de284e32d35d73193b34064a02d,eef5503e9f9abcade7242fc1d06eaca554fa2de284e32d35d73193b34064a02d,suc_khoe,author_synthetic,true,ai_draft,train
